CustomerID,Recency,Frequency,Monetary,R_Score,F_Score,M_Score,RFM_Total,Segment,Churn_Risk
12346,326,1,77183.5971689224,1,1,5,7,Need Attention,High
12347,2,7,4309.999987721444,5,5,5,15,Champions,Low
12348,75,4,1797.2399966716775,2,4,4,10,Need Attention,Low
12349,19,1,1757.5499940514562,4,1,4,9,Potential Loyalists,Low
12350,310,1,334.3999965190887,1,1,2,4,Lost Customers,High
12352,36,8,2506.0399792194366,3,5,5,13,Need Attention,Low
12353,204,1,88.9999995231628,1,1,1,3,Lost Customers,High
12354,232,1,1079.400008440018,1,1,4,6,Lost Customers,High
12355,214,1,459.399998664856,1,1,2,4,Lost Customers,High
12356,23,3,2811.4299854040146,4,3,5,12,Need Attention,Low
12357,33,1,6207.669989347458,4,1,5,10,Need Attention,Low
12358,2,2,1168.059973716735,5,2,4,11,Potential Loyalists,Low
12359,58,4,6310.029966294765,3,4,5,12,Need Attention,Low
12360,52,3,2662.0600061416626,3,3,5,11,Need Attention,Low
12361,287,1,189.9000012874603,1,1,1,3,Lost Customers,High
12362,3,10,5226.230000317096,5,5,5,15,Champions,Low
12363,110,2,552.0000078678132,2,2,3,7,Lost Customers,Medium
12364,8,4,1313.1000023782262,5,4,4,13,Potential Loyalists,Low
12365,291,2,641.3800052404401,1,2,3,6,Lost Customers,High
12367,4,1,168.90000057220468,5,1,1,7,Potential Loyalists,Low
12370,51,4,3541.9399975538254,3,4,5,12,Need Attention,Low
12371,45,2,1887.9599884748459,3,2,4,9,Need Attention,Low
12372,72,3,1298.0399992465977,3,3,4,10,Need Attention,Low
12373,311,1,364.600004196167,1,1,2,4,Lost Customers,High
12374,25,1,742.9300024509428,4,1,3,8,Potential Loyalists,Low
12375,11,2,457.49999117851223,5,2,2,9,Potential Loyalists,Low
12377,315,2,1628.1199877262118,1,2,4,7,Need Attention,High
12378,130,1,4008.6199876964088,2,1,5,8,Need Attention,Medium
12379,82,2,852.2399981021878,2,2,3,7,Need Attention,Low
12380,22,4,2724.8099776506415,4,4,5,13,Need Attention,Low
12381,5,5,1845.3099927008154,5,4,4,13,Champions,Low
12383,185,5,1850.5599970817568,1,4,4,9,Need Attention,High
12384,29,2,585.2699937820433,4,2,3,9,Potential Loyalists,Low
12386,338,2,401.9000010490417,1,2,2,5,Lost Customers,High
12388,16,6,2780.659991502762,4,4,5,13,Champions,Low
12390,80,1,549.8399973511696,2,1,3,6,Lost Customers,Low
12391,22,1,439.6599987447263,4,1,2,7,Potential Loyalists,Low
12393,72,4,1582.5999972820277,3,4,4,11,Need Attention,Low
12394,64,2,1272.48000574112,3,2,4,9,Need Attention,Low
12395,19,12,3018.6300103664403,4,5,5,14,Champions,Low
12397,36,2,2409.8999956846233,3,2,5,10,Need Attention,Low
12398,46,1,1635.6599972546103,3,1,4,8,Need Attention,Low
12399,119,4,1108.6499971151354,2,4,4,10,Need Attention,Medium
12401,303,1,84.2999992370605,1,1,1,3,Lost Customers,High
12402,323,1,225.60000395774864,1,1,1,3,Lost Customers,High
12403,50,1,427.70000839233387,3,1,2,6,Lost Customers,Low
12405,149,1,1710.3899877071378,2,1,4,7,Need Attention,Medium
12406,22,2,3415.3000012636194,4,2,5,11,Need Attention,Low
12407,50,5,1708.119993656874,3,4,4,11,Need Attention,Low
12408,33,5,2888.5499933958063,4,4,5,13,Need Attention,Low
12409,79,3,11072.67000037432,2,3,5,10,Need Attention,Low
12410,309,2,693.3299987316132,1,2,3,6,Lost Customers,High
12412,75,3,1226.879997253418,2,3,4,9,Need Attention,Low
12413,67,3,758.0999939441681,3,3,3,9,Need Attention,Low
12414,217,3,562.4099891781806,1,3,3,7,Lost Customers,High
12415,24,21,124914.53013676406,4,5,5,14,Champions,Low
12417,3,9,3649.099994033576,5,5,5,15,Champions,Low
12418,113,1,668.5799892246725,2,1,3,6,Lost Customers,Medium
12420,64,1,600.3899936676022,3,1,3,7,Lost Customers,Low
12421,16,4,807.0399954318999,4,4,3,11,Potential Loyalists,Low
12422,96,3,803.5600004196166,2,3,3,8,Need Attention,Medium
12423,1,8,1859.3099961280825,5,5,4,14,Champions,Low
12424,163,2,1760.9599847793577,2,2,4,8,Need Attention,Medium
12425,78,1,777.1999943256376,2,1,3,6,Lost Customers,Low
12426,195,1,582.7299995794892,1,1,3,5,Lost Customers,High
12427,22,3,825.799994468689,4,3,3,10,Potential Loyalists,Low
12428,26,9,7956.459963530302,4,5,5,14,Champions,Low
12429,9,4,3750.3999910354614,5,4,5,14,Champions,Low
12430,43,1,256.39999628067017,3,1,2,6,Lost Customers,Low
12431,36,15,6419.949969351291,3,5,5,13,Champions,Low
12432,43,5,5059.319977164269,3,4,5,12,Need Attention,Low
12433,1,7,13375.869884997608,5,5,5,15,Champions,Low
12434,85,2,806.1399933099746,2,2,3,7,Need Attention,Low
12435,80,2,7829.889964103703,2,2,5,9,Need Attention,Low
12436,100,1,509.00999450683594,2,1,3,6,Lost Customers,Medium
12437,2,18,4951.40998184681,5,5,5,15,Champions,Low
12438,14,2,2906.849995017051,4,2,5,11,Need Attention,Low
12441,367,1,173.5500006377699,1,1,1,3,Lost Customers,High
12442,3,1,172.05999961495408,5,1,1,7,Potential Loyalists,Low
12444,21,5,5005.45999288559,4,4,5,13,Champions,Low
12445,22,1,133.4000005722046,4,1,1,6,Potential Loyalists,Low
12446,58,1,1002.3099929094311,3,1,4,8,Lost Customers,Low
12447,243,1,476.48999786376964,1,1,2,4,Lost Customers,High
12448,44,1,449.4499990940094,3,1,2,6,Lost Customers,Low
12449,22,4,4067.289998412132,4,4,5,13,Need Attention,Low
12450,156,2,197.8799967765809,2,2,1,5,Lost Customers,Medium
12451,11,5,9035.519972085953,5,4,5,14,Champions,Low
12452,17,2,430.5699987411498,4,2,2,8,Potential Loyalists,Low
12453,134,1,707.0899955630304,2,1,3,6,Lost Customers,Medium
12454,56,1,3528.3399696350093,3,1,5,9,Need Attention,Low
12455,73,6,2466.859993934632,2,4,5,11,Need Attention,Low
12456,44,3,3181.039990365505,3,3,5,11,Need Attention,Low
12457,66,7,2363.2299833297743,3,5,5,13,Need Attention,Low
12458,71,2,947.3999980688094,3,2,4,9,Need Attention,Low
12461,94,2,826.8799916505812,2,2,3,7,Need Attention,Medium
12462,19,2,1189.5899939537048,4,2,4,10,Potential Loyalists,Low
12463,53,4,1344.7800008058548,3,4,4,11,Need Attention,Low
12464,10,8,1212.0499949455257,5,5,4,14,Champions,Low
12465,17,2,742.1900011301041,4,2,3,9,Potential Loyalists,Low
12468,188,2,729.5400027036666,1,2,3,6,Lost Customers,High
12471,2,30,19788.64990541339,5,5,5,15,Champions,Low
12472,32,7,6572.1099817454815,4,5,5,14,Champions,Low
12473,29,5,3928.050024002791,4,4,5,13,Need Attention,Low
12474,17,18,7324.089998692274,4,5,5,14,Champions,Low
12475,54,1,723.3799969255922,3,1,3,7,Lost Customers,Low
12476,16,11,6816.419973015784,4,5,5,14,Champions,Low
12477,23,6,13219.739899992941,4,4,5,13,Champions,Low
12478,4,1,680.9899959564207,5,1,3,9,Potential Loyalists,Low
12479,11,1,527.1999993324279,5,1,3,9,Potential Loyalists,Low
12480,28,4,3281.6299936249848,4,4,5,13,Need Attention,Low
12481,23,10,5579.819993644954,4,5,5,14,Champions,Low
12483,17,8,2484.9799785614014,4,5,5,14,Champions,Low
12484,33,6,4527.319974541664,4,4,5,13,Need Attention,Low
12488,10,3,1298.6600008010864,5,3,4,12,Potential Loyalists,Low
12489,336,1,334.92999362945557,1,1,2,4,Lost Customers,High
12490,5,10,5417.9299639463425,5,5,5,15,Champions,Low
12491,39,1,460.3999989032744,3,1,2,6,Potential Loyalists,Low
12492,63,2,263.20999971032154,3,2,2,7,Lost Customers,Low
12493,166,2,433.739994049072,2,2,2,6,Lost Customers,Medium
12494,16,7,1246.0999914407728,4,5,4,13,Need Attention,Low
12497,82,1,1043.0999949872494,2,1,4,7,Lost Customers,Low
12498,21,3,403.69999837875355,4,3,2,9,Potential Loyalists,Low
12500,23,11,4257.819886207581,4,5,5,14,Champions,Low
12501,337,1,2169.3899832665925,1,1,5,7,Lost Customers,High
12502,96,5,3723.8699840307236,2,4,5,11,Need Attention,Medium
12504,18,2,482.04999732971226,4,2,2,8,Potential Loyalists,Low
12506,233,1,73.49999964237219,1,1,1,3,Lost Customers,High
12507,134,3,1304.8100051879887,2,3,4,9,Need Attention,Medium
12508,26,2,397.8799999058246,4,2,2,8,Potential Loyalists,Low
12509,284,1,176.49999690055856,1,1,1,3,Lost Customers,High
12510,143,2,982.5700020790094,2,2,4,8,Need Attention,Medium
12512,66,2,132.17999845743185,3,2,1,6,Lost Customers,Low
12513,113,1,612.2899967432022,2,1,3,6,Lost Customers,Medium
12514,267,1,1017.679991483688,1,1,4,6,Lost Customers,High
12515,353,1,383.70000004768383,1,1,2,4,Lost Customers,High
12516,78,2,1312.0599808692943,2,2,4,8,Need Attention,Low
12517,28,5,2481.599983334541,4,4,5,13,Need Attention,Low
12518,1,5,2056.8899969160557,5,4,5,14,Champions,Low
12519,64,1,330.8400001525878,3,1,2,6,Lost Customers,Low
12520,79,5,2634.259991765022,2,4,5,11,Need Attention,Low
12521,143,1,599.6799932718275,2,1,3,6,Lost Customers,Medium
12522,39,2,192.72000029683102,3,2,1,6,Potential Loyalists,Low
12523,19,11,1789.7699880599976,4,5,4,13,Champions,Low
12524,9,8,4485.719924300909,5,5,5,15,Champions,Low
12526,1,3,1316.6599955558772,5,3,4,12,Potential Loyalists,Low
12527,82,3,348.7099953889847,2,3,2,7,Lost Customers,Low
12528,9,6,1933.479990541935,5,5,4,14,Champions,Low
12530,60,4,1662.2799904346466,3,4,4,11,Need Attention,Low
12531,15,1,125.21999990940094,4,1,1,6,Potential Loyalists,Low
12532,30,1,349.8299951553345,4,1,2,7,Potential Loyalists,Low
12534,131,1,1089.1799940764906,2,1,4,7,Lost Customers,Medium
12535,92,2,716.3499860763545,2,2,3,7,Need Attention,Medium
12536,43,3,12601.830096185207,3,3,5,11,Need Attention,Low
12538,29,1,363.94999921321875,4,1,2,7,Potential Loyalists,Low
12539,22,4,5568.34997177124,4,4,5,13,Need Attention,Low
12540,20,17,13400.239962518217,4,5,5,14,Champions,Low
12541,30,3,981.1800034642221,4,3,4,11,Need Attention,Low
12544,36,1,372.699999809265,3,1,2,6,Potential Loyalists,Low
12545,75,2,1000.3900051116946,2,2,4,8,Need Attention,Low
12546,47,2,1161.499995112419,3,2,4,9,Need Attention,Low
12547,198,2,207.8000011444092,1,2,1,4,Lost Customers,High
12548,166,1,95.2000017166138,2,1,1,4,Lost Customers,Medium
12550,79,1,964.8299940526485,2,1,4,7,Lost Customers,Low
12551,358,1,168.0000019073488,1,1,1,3,Lost Customers,High
12552,39,2,437.8199984133243,3,2,2,7,Potential Loyalists,Low
12553,8,10,3692.2799662947646,5,5,5,15,Champions,Low
12556,50,2,599.559998780489,3,2,3,8,Need Attention,Low
12557,16,5,11990.96016478538,4,4,5,13,Champions,Low
12558,8,1,269.95999336242664,5,1,2,8,Potential Loyalists,Low
12559,311,2,561.7099943757061,1,2,3,6,Lost Customers,High
12560,5,3,2134.009999245405,5,3,5,13,Potential Loyalists,Low
12561,303,1,238.8499985933306,1,1,1,3,Lost Customers,High
12562,8,7,3781.739967018365,5,5,5,15,Champions,Low
12564,261,1,456.8999991416929,1,1,2,4,Lost Customers,High
12565,289,1,145.91999995708463,1,1,1,3,Lost Customers,High
12566,86,1,351.6499969661237,2,1,2,5,Lost Customers,Low
12567,23,10,9401.279955893753,4,5,5,14,Champions,Low
12569,2,32,4124.689980745316,5,5,5,15,Champions,Low
12571,40,2,519.6099987030029,3,2,3,8,Potential Loyalists,Low
12572,9,2,1020.4199971631167,5,2,4,11,Potential Loyalists,Low
12573,227,1,160.54000037908554,1,1,1,3,Lost Customers,High
12574,316,1,218.4499993324279,1,1,1,3,Lost Customers,High
12576,36,5,1315.8299968242648,3,4,4,11,Need Attention,Low
12577,35,3,626.5999948233366,3,3,3,9,Need Attention,Low
12578,21,2,2794.50998532772,4,2,5,11,Need Attention,Low
12579,78,1,440.4199994802478,2,1,2,5,Lost Customers,Low
12580,247,1,415.70000052452076,1,1,2,4,Lost Customers,High
12581,40,1,197.71000030636793,3,1,1,5,Lost Customers,Low
12582,239,2,511.3600001335145,1,2,3,6,Lost Customers,High
12583,3,15,7281.3799976706505,5,5,5,15,Champions,Low
12584,4,9,2338.1499891281123,5,5,5,15,Champions,Low
12585,234,2,2040.1000054180622,1,2,4,7,Need Attention,High
12586,17,1,196.9399974942208,4,1,1,6,Potential Loyalists,Low
12587,8,1,143.9999961853027,5,1,1,7,Potential Loyalists,Low
12588,39,1,214.8999977111816,3,1,1,5,Lost Customers,Low
12589,29,2,646.6800007820129,4,2,3,9,Potential Loyalists,Low
12590,211,2,9864.259929418564,1,2,5,8,Need Attention,High
12591,317,1,452.85000181198126,1,1,2,4,Lost Customers,High
12592,92,2,437.600001811981,2,2,2,6,Lost Customers,Medium
12593,109,3,418.0999994277952,2,3,2,7,Lost Customers,Medium
12594,38,10,3338.2199575901027,3,5,5,13,Champions,Low
12596,51,2,618.2700002491476,3,2,3,8,Need Attention,Low
12597,19,4,3811.2199925184254,4,4,5,13,Need Attention,Low
12598,10,8,3023.080000400543,5,5,5,15,Champions,Low
12599,29,7,1032.5799994468691,4,5,4,13,Need Attention,Low
12600,29,10,2599.039942502973,4,5,5,14,Champions,Low
12601,190,5,577.0599995851518,1,4,3,8,Need Attention,High
12602,59,1,153.11999797821045,3,1,1,5,Lost Customers,Low
12603,22,1,739.199989318848,4,1,3,8,Potential Loyalists,Low
12604,79,2,254.1800007820128,2,2,2,6,Lost Customers,Low
12607,60,1,1579.509996324778,3,1,4,8,Need Attention,Low
12609,78,3,1126.8499990701675,2,3,4,9,Need Attention,Low
12610,23,5,2099.5399955511098,4,4,5,13,Need Attention,Low
12611,52,1,1193.320000052452,3,1,4,8,Need Attention,Low
12612,74,1,704.0399923324584,2,1,3,6,Lost Customers,Low
12613,57,5,3344.379989534616,3,4,5,12,Need Attention,Low
12614,278,1,315.59999537467974,1,1,2,4,Lost Customers,High
12615,2,4,2291.1899791359906,5,4,5,14,Champions,Low
12616,95,2,713.299995422363,2,2,3,7,Lost Customers,Medium
12617,29,1,352.9799970090388,4,1,2,7,Potential Loyalists,Low
12618,22,1,177.30999761819848,4,1,1,6,Potential Loyalists,Low
12619,16,9,3641.2400373220457,4,5,5,14,Champions,Low
12620,15,3,1339.409990340471,4,3,4,11,Potential Loyalists,Low
12621,2,20,13689.669930189846,5,5,5,15,Champions,Low
12622,232,1,180.0999989509582,1,1,1,3,Lost Customers,High
12623,276,1,305.1000012457371,1,1,2,4,Lost Customers,High
12624,106,2,641.1299970149995,2,2,3,7,Lost Customers,Medium
12625,212,2,2683.8199955523023,1,2,5,8,Need Attention,High
12626,23,9,6620.479955255984,4,5,5,14,Champions,Low
12627,11,7,4478.5299829244605,5,5,5,15,Champions,Low
12628,4,3,786.4599986374375,5,3,3,11,Potential Loyalists,Low
12630,10,2,1270.8799966573715,5,2,4,11,Potential Loyalists,Low
12631,57,1,640.5000004768368,3,1,3,7,Lost Customers,Low
12633,59,4,2163.979967027902,3,4,5,12,Need Attention,Low
12635,90,2,1689.1799952089787,2,2,4,8,Need Attention,Low
12637,67,8,6002.899966448545,3,5,5,13,Need Attention,Low
12638,33,1,671.6899942159653,4,1,3,8,Potential Loyalists,Low
12639,239,1,486.09999489784224,1,1,2,4,Lost Customers,High
12640,24,3,1174.5799986124036,4,3,4,11,Need Attention,Low
12641,115,1,185.8999979496002,2,1,1,4,Lost Customers,Medium
12642,25,3,1013.2600059509278,4,3,4,11,Need Attention,Low
12643,128,6,3344.6399924755106,2,5,5,12,Need Attention,Medium
12644,130,1,477.91000056266785,2,1,2,5,Lost Customers,Medium
12645,34,4,1775.1799914836884,3,4,4,11,Need Attention,Low
12646,5,2,1346.9700098037717,5,2,4,11,Potential Loyalists,Low
12647,22,12,3722.8199748992915,4,5,5,14,Champions,Low
12648,155,1,318.05000257492054,2,1,2,5,Lost Customers,Medium
12649,107,3,623.5099978148938,2,3,3,8,Need Attention,Medium
12650,3,1,314.4399995803833,5,1,2,8,Potential Loyalists,Low
12651,335,1,113.99999856948853,1,1,1,3,Lost Customers,High
12652,331,1,919.979996085167,1,1,3,5,Lost Customers,High
12653,149,2,2209.8499987125397,2,2,5,9,Need Attention,Medium
12654,11,5,601.9799935817717,5,4,3,12,Potential Loyalists,Low
12656,17,5,4051.1699660420404,4,4,5,13,Champions,Low
12657,11,4,1643.179989129306,5,4,4,13,Need Attention,Low
12658,19,1,686.0499966144561,4,1,3,8,Potential Loyalists,Low
12659,30,1,91.67999839782709,4,1,1,6,Lost Customers,Low
12660,11,1,245.0999965667724,5,1,1,7,Potential Loyalists,Low
12662,1,11,3849.779991537332,5,5,5,15,Champions,Low
12664,8,9,4881.880036592485,5,5,5,15,Champions,Low
12665,325,1,63.0,1,1,1,3,Lost Customers,High
12667,58,1,620.1299979686737,3,1,3,7,Lost Customers,Low
12668,12,4,3807.1499804258347,5,4,5,14,Champions,Low
12669,151,3,2744.0300531685402,2,3,5,10,Need Attention,Medium
12670,10,5,2996.0499784946437,5,4,5,14,Champions,Low
12672,330,1,225.8999993801117,1,1,1,3,Lost Customers,High
12673,5,2,610.519992560148,5,2,3,10,Potential Loyalists,Low
12674,39,4,1970.5999929606917,3,4,4,11,Need Attention,Low
12676,25,6,1331.3899966180331,4,5,4,13,Need Attention,Low
12678,42,12,17628.45992988348,3,5,5,13,Champions,Low
12679,59,4,1113.0199928283694,3,4,4,11,Need Attention,Low
12680,1,4,862.8100000619887,5,4,3,12,Potential Loyalists,Low
12681,15,22,13787.53991958499,4,5,5,14,Champions,Low
12682,4,31,12279.81985634565,5,5,5,15,Champions,Low
12683,4,15,8476.569945663214,5,5,5,15,Champions,Low
12684,8,7,2283.629994869232,5,5,5,15,Champions,Low
12685,28,6,2863.0799885988226,4,5,5,14,Need Attention,Low
12686,372,1,89.13999986648568,1,1,1,3,Lost Customers,High
12688,114,1,4873.809997737408,2,1,5,8,Need Attention,Medium
12689,26,2,1247.609991192817,4,2,4,10,Need Attention,Low
12690,206,1,389.009999036789,1,1,2,4,Lost Customers,High
12691,28,6,1035.7999994754796,4,5,4,13,Need Attention,Low
12693,127,4,855.9099955558775,2,4,3,9,Need Attention,Medium
12694,70,2,869.6699988842012,3,2,3,8,Need Attention,Low
12695,7,4,582.0999917984009,5,4,3,12,Potential Loyalists,Low
12697,29,3,957.5899934768676,4,3,4,11,Need Attention,Low
12700,8,4,4939.98998120427,5,4,5,14,Champions,Low
12701,80,2,797.7099943459035,2,2,3,7,Need Attention,Low
12702,20,1,218.9999957084654,4,1,1,6,Potential Loyalists,Low
12703,71,1,283.54999923706055,3,1,2,6,Lost Customers,Low
12704,7,8,2340.839981675148,5,5,5,15,Champions,Low
12705,15,9,6868.289976924658,4,5,5,14,Champions,Low
12707,292,1,603.4199954271317,1,1,3,5,Lost Customers,High
12708,30,10,2712.909998685122,4,5,5,14,Champions,Low
12709,15,15,9706.519973337648,4,5,5,14,Champions,Low
12710,97,3,1149.0200002193449,2,3,4,9,Need Attention,Medium
12712,29,13,4396.1299517154675,4,5,5,14,Champions,Low
12713,1,1,848.5499984025957,5,1,3,9,Potential Loyalists,Low
12714,9,5,4708.85997468233,5,4,5,14,Champions,Low
12715,106,1,343.3599953651424,2,1,2,5,Lost Customers,Medium
12716,4,2,1053.4900007843971,5,2,4,11,Potential Loyalists,Low
12717,151,2,1030.9799953699114,2,2,4,8,Need Attention,Medium
12718,71,1,238.2499994039536,3,1,1,5,Lost Customers,Low
12719,5,2,644.9499988555908,5,2,3,10,Potential Loyalists,Low
12720,3,25,5781.729972153902,5,5,5,15,Champions,Low
12721,32,6,2656.1299795806412,4,5,5,14,Need Attention,Low
12722,85,4,997.6299974322318,2,4,4,10,Need Attention,Low
12723,4,5,725.0700005292891,5,4,3,12,Potential Loyalists,Low
12724,5,4,1031.4099972248073,5,4,4,13,Potential Loyalists,Low
12725,371,1,427.80000019073486,1,1,2,4,Lost Customers,High
12726,28,7,2609.0999880433087,4,5,5,14,Need Attention,Low
12727,11,7,3980.6999939084044,5,5,5,15,Champions,Low
12728,71,4,836.3299988508226,3,4,3,10,Need Attention,Low
12729,114,1,453.0099940299988,2,1,2,5,Lost Customers,Medium
12731,24,12,18895.909891605377,4,5,5,14,Champions,Low
12732,180,1,236.2600045204165,1,1,1,3,Lost Customers,Medium
12733,234,1,383.94999694824213,1,1,2,4,Lost Customers,High
12734,353,1,110.40000176429751,1,1,1,3,Lost Customers,High
12735,315,2,779.5699931383134,1,2,3,6,Lost Customers,High
12736,333,1,234.0000007152558,1,1,1,3,Lost Customers,High
12738,372,1,155.35000181198126,1,1,1,3,Lost Customers,High
12739,78,2,1013.039993017912,2,2,4,8,Need Attention,Low
12740,64,1,427.60000276565546,3,1,2,6,Lost Customers,Low
12743,134,2,540.1299955248834,2,2,3,7,Lost Customers,Medium
12744,52,7,21279.2899990082,3,5,5,13,Champions,Low
12747,2,11,4196.009998798369,5,5,5,15,Champions,Low
12748,1,209,33053.189793787904,5,5,5,15,Champions,Low
12749,4,5,4090.87998393178,5,4,5,14,Champions,Low
12750,129,1,275.8800019919874,2,1,2,5,Lost Customers,Medium
12752,81,1,4366.780012488364,2,1,5,8,Need Attention,Low
12753,23,6,21429.389945983887,4,5,5,14,Champions,Low
12754,236,3,3010.740080058574,1,3,5,9,Need Attention,High
12755,281,2,3811.9499286413184,1,2,5,8,Need Attention,High
12756,87,1,112.0800025463105,2,1,1,4,Lost Customers,Low
12757,16,13,7834.649844020603,4,5,5,14,Champions,Low
12758,117,2,2791.5899738073354,2,2,5,9,Need Attention,Medium
12759,52,3,1531.4400062263012,3,3,4,10,Need Attention,Low
12762,8,2,1898.5200028419492,5,2,4,11,Potential Loyalists,Low
12763,138,2,494.0800079107284,2,2,3,7,Lost Customers,Medium
12764,317,1,1693.8799898624416,1,1,4,6,Lost Customers,High
12766,4,7,6989.629930585623,5,5,5,15,Champions,Low
12769,239,1,1143.5999937057493,1,1,4,6,Lost Customers,High
12770,211,1,1351.4499883651727,1,1,4,6,Lost Customers,High
12772,60,1,892.4700009822848,3,1,3,7,Lost Customers,Low
12775,17,5,1386.0400071144109,4,4,4,12,Need Attention,Low
12778,20,6,822.2300040125849,4,5,3,12,Need Attention,Low
12779,38,8,3981.3599915504456,3,5,5,13,Champions,Low
12781,64,2,826.7399985790254,3,2,3,8,Need Attention,Low
12782,5,5,2330.919998824596,5,4,5,14,Champions,Low
12783,2,6,2225.909974396229,5,5,5,15,Champions,Low
12784,9,2,532.8199959695338,5,2,3,10,Potential Loyalists,Low
12785,364,1,311.9500005245211,1,1,2,4,Lost Customers,High
12787,10,3,463.6599934101104,5,3,2,10,Potential Loyalists,Low
12789,65,1,91.8500022888185,3,1,1,5,Lost Customers,Low
12790,192,1,324.91999626159674,1,1,2,4,Lost Customers,High
12791,374,1,192.600002288818,1,1,1,3,Lost Customers,High
12792,257,1,400.54000118374825,1,1,2,4,Lost Customers,High
12793,335,2,545.4799985885619,1,2,3,6,Lost Customers,High
12794,53,2,860.409996598959,3,2,3,8,Need Attention,Low
12795,19,1,430.47999668121327,4,1,2,7,Potential Loyalists,Low
12797,366,1,254.0299961566925,1,1,2,4,Lost Customers,High
12798,10,3,6977.039915084847,5,3,5,13,Champions,Low
12802,187,1,427.579999089241,1,1,2,4,Lost Customers,High
12808,37,3,483.64999461173977,3,3,2,8,Potential Loyalists,Low
12809,178,1,489.30999875068653,2,1,3,6,Lost Customers,Medium
12811,261,3,514.8500006198886,1,3,3,7,Lost Customers,High
12812,45,1,229.6400022506714,3,1,1,5,Lost Customers,Low
12814,102,1,125.9199981689453,2,1,1,4,Lost Customers,Medium
12815,148,2,1063.4599938392637,2,2,4,8,Need Attention,Medium
12816,96,2,572.1999988555908,2,2,3,7,Lost Customers,Medium
12817,281,1,166.0399980545043,1,1,1,3,Lost Customers,High
12818,262,1,1542.0799794197085,1,1,4,6,Lost Customers,High
12820,3,4,942.3399962782861,5,4,4,13,Potential Loyalists,Low
12821,214,1,92.7199997901916,1,1,1,3,Lost Customers,High
12822,71,2,948.879986047744,3,2,4,9,Need Attention,Low
12823,75,5,1759.5000219345088,2,4,4,10,Need Attention,Low
12824,60,1,397.12000083923334,3,1,2,6,Lost Customers,Low
12826,3,7,1474.719988137483,5,5,4,14,Champions,Low
12827,6,3,430.14999306201923,5,3,2,10,Potential Loyalists,Low
12828,3,6,1018.709991574287,5,5,4,14,Champions,Low
12829,337,2,293.000002205372,1,2,2,5,Lost Customers,High
12830,38,6,6814.639968395232,3,5,5,13,Need Attention,Low
12831,262,1,215.0499980449677,1,1,1,3,Lost Customers,High
12832,32,2,383.02999758720387,4,2,2,8,Potential Loyalists,Low
12833,145,1,417.38000035285944,2,1,2,5,Lost Customers,Medium
12834,283,1,312.3799934387208,1,1,2,4,Lost Customers,High
12836,59,4,2610.35997825861,3,4,5,12,Need Attention,Low
12837,173,1,134.10000002384186,2,1,1,4,Lost Customers,Medium
12838,34,2,671.9500006735326,3,2,3,8,Potential Loyalists,Low
12839,3,14,5591.419990241527,5,5,5,15,Champions,Low
12840,144,4,2726.769970178602,2,4,5,11,Need Attention,Medium
12841,5,25,3991.579996705056,5,5,5,15,Champions,Low
12842,70,2,1118.9899987280378,3,2,4,9,Need Attention,Low
12843,66,8,1702.2599725723262,3,5,4,12,Need Attention,Low
12844,29,2,325.9599968492987,4,2,2,8,Potential Loyalists,Low
12845,267,4,354.090002477169,1,4,2,7,Lost Customers,High
12847,22,1,843.6399959027767,4,1,3,8,Potential Loyalists,Low
12849,31,2,1010.2900020480158,4,2,4,10,Need Attention,Low
12851,97,1,131.8099996298552,2,1,1,4,Lost Customers,Medium
12852,295,1,311.55000352859497,1,1,2,4,Lost Customers,High
12853,135,6,1957.0999879837032,2,5,4,11,Need Attention,Medium
12854,79,3,1316.249999701977,2,3,4,9,Need Attention,Low
12855,373,1,38.1000008583069,1,1,1,3,Lost Customers,High
12856,8,6,2170.779987156391,5,5,5,15,Champions,Low
12857,211,2,1106.3999872207637,1,2,4,7,Need Attention,High
12863,52,1,521.2000017166138,3,1,3,7,Lost Customers,Low
12864,138,1,147.1199973821643,2,1,1,4,Lost Customers,Medium
12865,26,2,1568.2300080060959,4,2,4,10,Need Attention,Low
12866,283,1,559.1199947297573,1,1,3,5,Lost Customers,High
12867,26,7,4009.339980989696,4,5,5,14,Champions,Low
12868,186,6,1607.059997797012,1,5,4,10,Need Attention,High
12871,84,2,380.6399954557417,2,2,2,6,Lost Customers,Low
12872,327,2,599.9700033664705,1,2,3,6,Lost Customers,High
12873,282,1,373.99999427795296,1,1,2,4,Lost Customers,High
12875,143,2,343.2300036102535,2,2,2,6,Lost Customers,Medium
12876,58,2,2218.019990921021,3,2,5,10,Need Attention,Low
12877,4,12,1535.769993543625,5,5,4,14,Champions,Low
12878,236,2,854.9899947643279,1,2,3,6,Lost Customers,High
12879,45,3,573.2199923992156,3,3,3,9,Need Attention,Low
12881,276,1,297.9999990463256,1,1,2,4,Lost Customers,High
12882,9,2,1463.03998851776,5,2,4,11,Potential Loyalists,Low
12883,25,4,703.4699968099591,4,4,3,11,Need Attention,Low
12884,88,1,309.0499963760374,2,1,2,5,Lost Customers,Low
12885,63,3,1175.2200044691563,3,3,4,10,Need Attention,Low
12886,68,2,1378.3999980688095,3,2,4,9,Need Attention,Low
12888,214,2,354.119998931885,1,2,2,5,Lost Customers,High
12890,24,1,376.71999806165707,4,1,2,7,Potential Loyalists,Low
12891,186,3,331.0000017285345,1,3,2,6,Lost Customers,High
12893,31,1,176.54999703168872,4,1,1,6,Potential Loyalists,Low
12895,42,2,372.8000016212463,3,2,2,7,Potential Loyalists,Low
12897,205,2,216.5000038146972,1,2,1,4,Lost Customers,High
12901,9,28,17654.539693772796,5,5,5,15,Champions,Low
12902,265,1,138.6800014972688,1,1,1,3,Lost Customers,High
12904,18,2,496.06000098586094,4,2,3,9,Potential Loyalists,Low
12906,12,5,2919.80997633934,5,4,5,14,Champions,Low
12908,176,2,750.0,2,2,3,7,Lost Customers,Medium
12909,40,5,2178.669995903969,3,4,5,12,Need Attention,Low
12910,23,8,3075.0399994850163,4,5,5,14,Champions,Low
12912,3,5,1662.299992561339,5,4,4,13,Champions,Low
12913,5,5,2483.6299614906306,5,4,5,14,Champions,Low
12915,149,2,363.64999580383284,2,2,2,6,Lost Customers,Medium
12916,139,4,2944.949968099593,2,4,5,11,Need Attention,Medium
12917,128,1,593.999977111816,2,1,3,6,Lost Customers,Medium
12919,8,6,1335.1899971961977,5,5,4,14,Champions,Low
12920,17,1,162.77999919652964,4,1,1,6,Potential Loyalists,Low
12921,9,37,16587.08992984891,5,5,5,15,Champions,Low
12922,161,1,405.3799962997436,2,1,2,5,Lost Customers,Medium
12923,64,1,172.81999909877774,3,1,1,5,Lost Customers,Low
12924,88,4,933.6999912858009,2,4,4,10,Need Attention,Low
12925,5,2,694.0499975681304,5,2,3,10,Potential Loyalists,Low
12928,35,5,2062.699956417082,3,4,5,12,Need Attention,Low
12929,312,1,117.849998474121,1,1,1,3,Lost Customers,High
12930,78,2,415.8000018596648,2,2,2,6,Lost Customers,Low
12931,22,15,42055.960337162025,4,5,5,14,Champions,Low
12933,24,3,607.5299954414368,4,3,3,10,Potential Loyalists,Low
12935,2,7,2160.6999991834164,5,5,5,15,Champions,Low
12936,17,4,1063.9000014066692,4,4,4,12,Need Attention,Low
12937,15,4,1504.2699835598467,4,4,4,12,Need Attention,Low
12938,26,1,114.13999962806705,4,1,1,6,Potential Loyalists,Low
12939,64,8,11581.800231933597,3,5,5,13,Champions,Low
12940,55,2,899.6899965703489,3,2,3,8,Need Attention,Low
12942,131,3,675.5999979078771,2,3,3,8,Need Attention,Medium
12944,36,2,604.5100016593932,3,2,3,8,Potential Loyalists,Low
12945,288,1,462.95000386238127,1,1,2,4,Lost Customers,High
12947,144,6,1603.9899846315386,2,5,4,11,Need Attention,Medium
12948,16,7,2064.9499834477897,4,5,5,14,Champions,Low
12949,31,8,4167.219977378845,4,5,5,14,Champions,Low
12950,2,3,1842.9999837875382,5,3,4,12,Potential Loyalists,Low
12951,9,6,1064.0699966251848,5,5,4,14,Champions,Low
12952,6,4,1387.7899842262268,5,4,4,13,Potential Loyalists,Low
12953,10,1,329.8499994277954,5,1,2,8,Potential Loyalists,Low
12955,1,11,4757.159998714925,5,5,5,15,Champions,Low
12956,306,1,108.07000064849863,1,1,1,3,Lost Customers,High
12957,10,8,4017.5399920940395,5,5,5,15,Champions,Low
12962,7,2,266.38999819755554,5,2,2,9,Potential Loyalists,Low
12963,8,8,1856.6299773752685,5,5,4,14,Champions,Low
12965,89,1,769.8099929094313,2,1,3,6,Lost Customers,Low
12966,10,1,160.1799993515014,5,1,1,7,Potential Loyalists,Low
12967,358,2,1660.8999938964848,1,2,4,7,Need Attention,High
12968,112,1,135.94999980926514,2,1,1,4,Lost Customers,Medium
12970,7,4,405.46999531984335,5,4,2,11,Potential Loyalists,Low
12971,4,86,11189.90994942188,5,5,5,15,Champions,Low
12974,198,1,144.7999982833864,1,1,1,3,Lost Customers,High
12976,212,1,738.600011676551,1,1,3,5,Lost Customers,High
12977,156,1,39.23999965190888,2,1,1,4,Lost Customers,Medium
12980,158,9,7374.900151252745,2,5,5,12,Need Attention,Medium
12981,30,2,372.22000479698175,4,2,2,8,Potential Loyalists,Low
12982,243,1,390.54000127315516,1,1,2,4,Lost Customers,High
12984,19,1,97.4999995231628,4,1,1,6,Potential Loyalists,Low
12985,1,2,1239.3799931705,5,2,4,11,Potential Loyalists,Low
12987,74,2,558.6999983787537,2,2,3,7,Lost Customers,Low
12988,292,1,505.81999659538286,1,1,3,5,Lost Customers,High
12989,3,15,6924.109950870276,5,5,5,15,Champions,Low
12990,31,3,409.4999909400939,4,3,2,9,Potential Loyalists,Low
12991,23,2,503.7599996030331,4,2,3,9,Potential Loyalists,Low
12993,23,4,414.75999855995144,4,4,2,10,Potential Loyalists,Low
12994,4,3,974.419985741377,5,3,4,12,Potential Loyalists,Low
12995,85,1,211.319995880127,2,1,1,4,Lost Customers,Low
12997,22,4,1226.8899856805804,4,4,4,12,Need Attention,Low
12999,196,3,455.87999731302267,1,3,2,6,Lost Customers,High
13000,107,3,534.8499923944474,2,3,3,8,Need Attention,Medium
13001,4,13,9785.969935953617,5,5,5,15,Champions,Low
13002,318,1,120.94999980926514,1,1,1,3,Lost Customers,High
13003,106,3,149.04999995231628,2,3,1,6,Lost Customers,Medium
13004,12,18,5655.909980386496,5,5,5,15,Champions,Low
13005,174,2,513.6999926567079,2,2,3,7,Lost Customers,Medium
13006,56,1,81.56999897956844,3,1,1,5,Lost Customers,Low
13008,323,1,229.469999551773,1,1,1,3,Lost Customers,High
13011,372,1,50.5499997138977,1,1,1,3,Lost Customers,High
13012,9,8,1646.839969873428,5,5,4,14,Champions,Low
13013,1,13,4810.939976304769,5,5,5,15,Champions,Low
13014,11,10,3466.2799653112875,5,5,5,15,Champions,Low
13015,53,5,3339.639997422695,3,4,5,12,Need Attention,Low
13016,73,3,789.890002965927,2,3,3,8,Need Attention,Low
13017,7,1,204.0,5,1,1,7,Potential Loyalists,Low
13018,16,28,7277.699956685306,4,5,5,14,Champions,Low
13021,4,9,2616.3799718916416,5,5,5,15,Champions,Low
13023,64,2,689.89999461174,3,2,3,8,Need Attention,Low
13026,1,5,975.3599917888639,5,4,4,13,Potential Loyalists,Low
13027,114,6,6912.000102996824,2,5,5,12,Need Attention,Medium
13028,23,2,661.3199964761733,4,2,3,9,Potential Loyalists,Low
13029,31,3,1247.5000207424157,4,3,4,11,Need Attention,Low
13030,11,2,752.4399957060814,5,2,3,10,Potential Loyalists,Low
13032,52,2,1010.1799908876417,3,2,4,9,Need Attention,Low
13033,357,1,190.5500016212465,1,1,1,3,Lost Customers,High
13034,55,2,642.7700020074845,3,2,3,8,Need Attention,Low
13035,74,2,921.8800015449517,2,2,3,7,Need Attention,Low
13037,138,3,881.0699927806858,2,3,3,8,Need Attention,Medium
13038,80,3,908.4600079059602,2,3,3,8,Need Attention,Low
13040,9,2,676.9899967312812,5,2,3,10,Potential Loyalists,Low
13043,273,1,516.420000553131,1,1,3,5,Lost Customers,High
13044,291,1,560.4699885845185,1,1,3,5,Lost Customers,High
13045,99,1,305.27999618649477,2,1,2,5,Lost Customers,Medium
13046,31,2,629.3099975585939,4,2,3,9,Potential Loyalists,Low
13047,32,10,3237.5399669706817,4,5,5,14,Champions,Low
13048,14,4,1819.4099915027612,4,4,4,12,Need Attention,Low
13049,64,2,656.6799962520595,3,2,3,8,Need Attention,Low
13050,15,17,5836.859951168299,4,5,5,14,Champions,Low
13052,212,1,348.1500006318092,1,1,2,4,Lost Customers,High
13055,78,3,1214.4099981486797,2,3,4,9,Need Attention,Low
13058,25,3,271.39999008178665,4,3,2,9,Potential Loyalists,Low
13059,250,1,183.40000081062317,1,1,1,3,Lost Customers,High
13060,254,1,307.5299978256226,1,1,2,4,Lost Customers,High
13061,72,1,248.60999941825858,3,1,1,5,Lost Customers,Low
13062,191,1,346.97999620437633,1,1,2,4,Lost Customers,High
13064,13,4,1105.5899893939495,5,4,4,13,Potential Loyalists,Low
13065,373,1,205.86000049114242,1,1,1,3,Lost Customers,High
13066,24,2,470.80000022053736,4,2,2,8,Potential Loyalists,Low
13067,82,1,115.45999872684486,2,1,1,4,Lost Customers,Low
13068,10,2,343.999993801117,5,2,2,9,Potential Loyalists,Low
13069,1,24,4431.439976751805,5,5,5,15,Champions,Low
13070,192,1,228.7999916076657,1,1,1,3,Lost Customers,High
13072,267,1,177.1499991416931,1,1,1,3,Lost Customers,High
13075,130,1,919.6099915504452,2,1,3,6,Lost Customers,Medium
13077,1,4,728.0199957340959,5,4,3,12,Potential Loyalists,Low
13078,3,26,12627.940046787264,5,5,5,15,Champions,Low
13079,4,5,220.09999561309812,5,4,1,10,Potential Loyalists,Low
13080,179,1,58.08000004291536,2,1,1,4,Lost Customers,Medium
13081,12,11,28337.379845976822,5,5,5,15,Champions,Low
13082,126,9,3613.6300060451026,2,5,5,12,Need Attention,Medium
13083,4,2,303.74999868869793,5,2,2,9,Potential Loyalists,Low
13085,158,2,416.079996585846,2,2,2,6,Lost Customers,Medium
13089,3,97,58762.0798240304,5,5,5,15,Champions,Low
13090,9,14,8910.819920301436,5,5,5,15,Champions,Low
13091,28,1,345.8199952542782,4,1,2,7,Potential Loyalists,Low
13092,71,5,477.82999145984644,3,4,2,9,Need Attention,Low
13093,276,8,7832.469932734964,1,5,5,11,Need Attention,High
13094,21,12,1927.3199129104623,4,5,4,13,Champions,Low
13095,71,1,74.39999914169314,3,1,1,5,Lost Customers,Low
13097,33,10,6003.219949007035,4,5,5,14,Champions,Low
13098,1,28,28882.439589984722,5,5,5,15,Champions,Low
13099,99,1,207.360008239746,2,1,1,4,Lost Customers,Medium
13101,234,1,101.18999719619738,1,1,1,3,Lost Customers,High
13102,1,24,6424.0900099277505,5,5,5,15,Champions,Low
13103,40,1,243.9400007724762,3,1,1,5,Lost Customers,Low
13104,3,6,1098.4799988269792,5,5,4,14,Champions,Low
13106,133,1,76.5,2,1,1,4,Lost Customers,Medium
13107,44,4,1531.6199888288982,3,4,4,11,Need Attention,Low
13108,373,1,350.0599999427796,1,1,2,4,Lost Customers,High
13109,60,2,786.5399982333182,3,2,3,8,Need Attention,Low
13110,31,7,1488.6699961423878,4,5,4,13,Need Attention,Low
13113,1,24,12245.960027098658,5,5,5,15,Champions,Low
13115,12,4,2294.7799823582172,5,4,5,14,Need Attention,Low
13116,138,1,501.13999357819574,2,1,3,6,Lost Customers,Medium
13117,22,8,984.9099950790408,4,5,4,13,Need Attention,Low
13118,20,5,1197.8099842667577,4,4,4,12,Need Attention,Low
13120,239,1,30.5999994277954,1,1,1,3,Lost Customers,High
13121,269,1,283.7300012707711,1,1,2,4,Lost Customers,High
13122,94,2,922.3899972438811,2,2,3,7,Need Attention,Medium
13124,90,3,3756.3299953639503,2,3,5,10,Need Attention,Low
13126,5,8,2099.639997422695,5,5,5,15,Champions,Low
13127,78,1,259.16999864578236,2,1,2,5,Lost Customers,Low
13130,94,1,64.0,2,1,1,4,Lost Customers,Medium
13131,23,3,1073.2999913394458,4,3,4,11,Need Attention,Low
13132,262,1,77.2999997138977,1,1,1,3,Lost Customers,High
13133,274,2,109.79999732971184,1,2,1,4,Lost Customers,High
13134,86,4,1793.579983770847,2,4,4,10,Need Attention,Low
13135,197,1,3096.00012302399,1,1,5,7,Need Attention,High
13136,56,5,2607.609970718621,3,4,5,12,Need Attention,Low
13137,11,8,3603.2899745181203,5,5,5,15,Champions,Low
13138,22,6,962.389993906021,4,5,4,13,Need Attention,Low
13139,16,7,5064.939955055713,4,5,5,14,Champions,Low
13140,108,3,422.4699994325638,2,3,2,7,Lost Customers,Medium
13141,85,5,2388.749978102743,2,4,5,11,Need Attention,Low
13142,19,1,307.08999344706547,4,1,2,7,Potential Loyalists,Low
13144,333,1,110.9500007629394,1,1,1,3,Lost Customers,High
13145,40,4,618.5199918746944,3,4,3,10,Need Attention,Low
13146,26,1,228.90999928116815,4,1,1,6,Potential Loyalists,Low
13147,10,4,712.7999725341799,5,4,3,12,Potential Loyalists,Low
13148,29,12,3683.2599957585335,4,5,5,14,Champions,Low
13149,14,4,1676.0599932670596,4,4,4,12,Need Attention,Low
13151,296,1,1257.8699895143513,1,1,4,6,Lost Customers,High
13153,6,1,486.22000324726196,5,1,2,8,Potential Loyalists,Low
13155,33,4,971.7599965929987,3,4,4,11,Need Attention,Low
13157,49,4,1741.2199826538554,3,4,4,11,Need Attention,Low
13158,95,4,1201.0599982142444,2,4,4,10,Need Attention,Medium
13159,9,4,1429.3499957323081,5,4,4,13,Potential Loyalists,Low
13160,22,1,91.8000016212464,4,1,1,6,Potential Loyalists,Low
13161,313,1,112.75,1,1,1,3,Lost Customers,High
13162,122,4,1688.289992928505,2,4,4,10,Need Attention,Medium
13165,46,2,1021.4799955487249,3,2,4,9,Need Attention,Low
13166,283,1,417.19999969005596,1,1,2,4,Lost Customers,High
13167,19,4,791.3299854993821,4,4,3,11,Potential Loyalists,Low
13168,36,4,1299.589995115996,3,4,4,11,Need Attention,Low
13169,64,2,712.8799996376036,3,2,3,8,Need Attention,Low
13170,27,1,108.80999916791916,4,1,1,6,Potential Loyalists,Low
13171,22,3,468.4099948108197,4,3,2,9,Potential Loyalists,Low
13173,4,2,353.6499945074322,5,2,2,9,Potential Loyalists,Low
13174,16,3,2742.819985955954,4,3,5,12,Need Attention,Low
13176,46,1,481.48999440670036,3,1,2,6,Lost Customers,Low
13177,65,1,282.4499979019164,3,1,2,6,Lost Customers,Low
13178,26,11,5725.469934850929,4,5,5,14,Champions,Low
13182,45,1,121.17999842762968,3,1,1,5,Lost Customers,Low
13183,8,9,3957.7800192832947,5,5,5,15,Champions,Low
13184,15,10,1668.9499970823529,4,5,4,13,Champions,Low
13185,268,1,71.3999977111816,1,1,1,3,Lost Customers,High
13186,40,3,1575.8899737074964,3,3,4,10,Need Attention,Low
13187,337,1,236.01999878883373,1,1,1,3,Lost Customers,High
13188,11,1,114.6000022888184,5,1,1,7,Potential Loyalists,Low
13189,19,2,260.67999446392065,4,2,2,8,Potential Loyalists,Low
13192,95,2,911.9399878680705,2,2,3,7,Need Attention,Medium
13193,61,1,112.08000099658972,3,1,1,5,Lost Customers,Low
13194,136,1,60.700000286102295,2,1,1,4,Lost Customers,Medium
13196,11,4,1797.7799981832509,5,4,4,13,Need Attention,Low
13198,10,6,3401.239973425865,5,5,5,15,Champions,Low
13199,4,38,9817.11991342902,5,5,5,15,Champions,Low
13200,19,4,870.0899861156942,4,4,3,11,Need Attention,Low
13203,10,4,869.4599927067759,5,4,3,12,Potential Loyalists,Low
13207,15,2,250.25999927520755,4,2,2,8,Potential Loyalists,Low
13208,59,6,1217.6500014364724,3,5,4,12,Need Attention,Low
13209,30,8,5891.609972029924,4,5,5,14,Champions,Low
13210,94,1,353.4800000190736,2,1,2,5,Lost Customers,Medium
13211,10,3,1095.4199783802035,5,3,4,12,Potential Loyalists,Low
13212,20,3,786.8299938142302,4,3,3,10,Potential Loyalists,Low
13213,57,5,1520.5799854397776,3,4,4,11,Need Attention,Low
13216,268,1,333.7400074005126,1,1,2,4,Lost Customers,High
13217,122,3,533.9800033569329,2,3,3,8,Need Attention,Medium
13218,127,1,62.63999933004378,2,1,1,4,Lost Customers,Medium
13220,78,4,819.2899834811684,2,4,3,9,Need Attention,Low
13221,240,2,847.409988760948,1,2,3,6,Lost Customers,High
13223,200,2,163.1999959945676,1,2,1,4,Lost Customers,High
13224,60,2,2155.9499760419126,3,2,5,10,Need Attention,Low
13225,3,7,6463.839975833892,5,5,5,15,Champions,Low
13226,273,1,108.2099983692169,1,1,1,3,Lost Customers,High
13227,202,1,257.6999998092651,1,1,2,4,Lost Customers,High
13228,81,1,357.999992370606,2,1,2,5,Lost Customers,Low
13229,226,1,160.94999861717218,1,1,1,3,Lost Customers,High
13230,4,14,2755.6299904733896,5,5,5,15,Champions,Low
13232,13,7,1328.3499999940398,5,5,4,14,Champions,Low
13233,74,2,605.1199971437454,2,2,3,7,Lost Customers,Low
13235,212,1,1031.069987773895,1,1,4,6,Lost Customers,High
13236,25,2,744.8500027656554,4,2,3,9,Potential Loyalists,Low
13238,17,4,700.729981899261,4,4,3,11,Potential Loyalists,Low
13239,262,1,329.55999910831434,1,1,2,4,Lost Customers,High
13240,96,4,663.6499935388562,2,4,3,9,Need Attention,Medium
13242,112,3,270.3999900817865,2,3,2,7,Lost Customers,Medium
13243,203,1,585.1200010180473,1,1,3,5,Lost Customers,High
13244,93,1,121.73999917507172,2,1,1,4,Lost Customers,Medium
13245,51,1,430.49999642372126,3,1,2,6,Lost Customers,Low
13246,18,6,1961.5200132727616,4,5,4,13,Need Attention,Low
13247,18,4,501.1200001239774,4,4,3,11,Potential Loyalists,Low
13248,125,2,465.67999854683876,2,2,2,6,Lost Customers,Medium
13249,92,3,711.4099926352508,2,3,3,8,Need Attention,Medium
13253,157,2,1030.3999974727628,2,2,4,8,Need Attention,Medium
13255,9,2,399.50999975204456,5,2,2,9,Potential Loyalists,Low
13258,12,3,672.8299943804741,5,3,3,11,Potential Loyalists,Low
13259,62,1,283.17999722063547,3,1,2,6,Lost Customers,Low
13260,61,1,557.6199946403506,3,1,3,7,Lost Customers,Low
13261,269,2,944.0999927520749,1,2,4,7,Lost Customers,High
13262,263,1,200.2899992465973,1,1,1,3,Lost Customers,High
13263,1,35,7436.929945051671,5,5,5,15,Champions,Low
13265,53,5,2092.65998402238,3,4,5,12,Need Attention,Low
13266,11,12,3834.2599829435358,5,5,5,15,Champions,Low
13267,3,19,4521.489965558051,5,5,5,15,Champions,Low
13268,18,11,3174.749973386527,4,5,5,14,Champions,Low
13269,1,15,5343.27998009324,5,5,5,15,Champions,Low
13270,366,1,590.000009536743,1,1,3,5,Lost Customers,High
13271,37,1,211.48999789357183,3,1,1,5,Lost Customers,Low
13272,31,2,276.5599980354309,4,2,2,8,Potential Loyalists,Low
13273,113,1,138.9799993187189,2,1,1,4,Lost Customers,Medium
13276,64,2,590.929993867874,3,2,3,8,Need Attention,Low
13277,16,4,258.3999977111817,4,4,2,10,Potential Loyalists,Low
13278,41,1,542.7299921810628,3,1,3,7,Potential Loyalists,Low
13279,78,1,137.74999928474426,2,1,1,4,Lost Customers,Low
13280,122,3,798.4599938988683,2,3,3,8,Need Attention,Medium
13282,18,3,1132.139998346567,4,3,4,11,Potential Loyalists,Low
13283,60,2,93.6599993705749,3,2,1,6,Lost Customers,Low
13284,331,1,201.18999803066248,1,1,1,3,Lost Customers,High
13285,23,4,2709.1199802160263,4,4,5,13,Need Attention,Low
13291,156,1,361.1100008115172,2,1,2,5,Lost Customers,Medium
13292,39,2,578.9399960041047,3,2,3,8,Potential Loyalists,Low
13294,190,2,873.7399899363519,1,2,3,6,Lost Customers,High
13295,360,1,201.199996471405,1,1,1,3,Lost Customers,High
13296,137,1,87.3999999165536,2,1,1,4,Lost Customers,Medium
13297,8,4,2089.849984169006,5,4,5,14,Champions,Low
13298,1,1,360.0,5,1,2,8,Potential Loyalists,Low
13299,268,1,142.4999985694885,1,1,1,3,Lost Customers,High
13300,169,1,371.8899987936018,2,1,2,5,Lost Customers,Medium
13301,104,4,618.0899982154369,2,4,3,9,Need Attention,Medium
13302,155,1,63.75,2,1,1,4,Lost Customers,Medium
13304,351,1,300.41999852657324,1,1,2,4,Lost Customers,High
13305,4,10,2000.8599965572355,5,5,4,14,Champions,Low
13307,120,1,15.0,2,1,1,4,Lost Customers,Medium
13308,23,3,1385.5099906921391,4,3,4,11,Need Attention,Low
13309,7,5,1456.7899814844134,5,4,4,13,Champions,Low
13310,28,3,1132.0299968123438,4,3,4,11,Need Attention,Low
13311,4,2,598.5700008422139,5,2,3,10,Potential Loyalists,Low
13313,22,5,1555.3199787735932,4,4,4,12,Need Attention,Low
13314,2,3,775.9399903416634,5,3,3,11,Potential Loyalists,Low
13316,37,4,5732.93001821637,3,4,5,12,Need Attention,Low
13317,66,6,2273.679987192154,3,5,5,13,Need Attention,Low
13318,1,3,640.7599973678589,5,3,3,11,Potential Loyalists,Low
13319,5,26,10845.549959808586,5,5,5,15,Champions,Low
13320,78,4,1532.199996501207,2,4,4,10,Need Attention,Low
13321,72,2,567.3600044250493,2,2,3,7,Lost Customers,Low
13322,17,1,199.48000097274775,4,1,1,6,Potential Loyalists,Low
13323,3,5,787.8499879837035,5,4,3,12,Potential Loyalists,Low
13324,36,10,7121.949924945833,3,5,5,13,Champions,Low
13325,82,1,675.3000026345248,2,1,3,6,Lost Customers,Low
13327,39,8,3627.769945979118,3,5,5,13,Champions,Low
13328,316,1,1308.4799878597278,1,1,4,6,Lost Customers,High
13329,32,2,788.9999953806405,4,2,3,9,Potential Loyalists,Low
13330,93,3,1140.929990291595,2,3,4,9,Need Attention,Medium
13332,14,1,350.8999991416931,4,1,2,7,Potential Loyalists,Low
13334,82,3,3502.319958597421,2,3,5,10,Need Attention,Low
13336,77,1,795.119999170303,2,1,3,6,Lost Customers,Low
13338,158,1,487.01999664306607,2,1,2,5,Lost Customers,Medium
13339,201,1,860.1199934482574,1,1,3,5,Lost Customers,High
13340,45,7,10736.480000972751,3,5,5,13,Champions,Low
13341,261,1,775.8499989509583,1,1,3,5,Lost Customers,High
13343,178,1,353.42999577522255,2,1,2,5,Lost Customers,Medium
13344,68,3,2511.689997673034,3,3,5,11,Need Attention,Low
13345,288,1,389.5000014305116,1,1,2,4,Lost Customers,High
13347,70,1,341.3599953651428,3,1,2,6,Lost Customers,Low
13348,64,1,233.7599973678589,3,1,1,5,Lost Customers,Low
13349,11,1,247.32000076770785,5,1,1,7,Potential Loyalists,Low
13350,16,2,979.1199915409085,4,2,4,10,Potential Loyalists,Low
13351,66,1,373.9399957656858,3,1,2,6,Lost Customers,Low
13352,60,1,397.97999626398104,3,1,2,6,Lost Customers,Low
13354,71,1,743.5299948453903,3,1,3,7,Lost Customers,Low
13355,122,1,674.699995756149,2,1,3,6,Lost Customers,Medium
13356,80,1,768.2399979829788,2,1,3,6,Lost Customers,Low
13357,257,1,609.3999964594841,1,1,3,5,Lost Customers,High
13358,269,1,439.02999168634415,1,1,2,4,Lost Customers,High
13359,64,1,439.5600004196167,3,1,2,6,Lost Customers,Low
13362,9,4,3090.739982366562,5,4,5,14,Champions,Low
13363,18,2,992.4999901652335,4,2,4,10,Potential Loyalists,Low
13364,71,1,134.960000038147,3,1,1,5,Lost Customers,Low
13365,34,2,2225.3700030446053,3,2,5,10,Need Attention,Low
13366,50,1,56.1599979400635,3,1,1,5,Lost Customers,Low
13368,257,2,623.399995088577,1,2,3,6,Lost Customers,High
13369,366,1,308.27999949455267,1,1,2,4,Lost Customers,High
13370,372,1,754.8699932098386,1,1,3,5,Lost Customers,High
13372,90,1,378.6399979591369,2,1,2,5,Lost Customers,Low
13373,61,3,3312.2499866485587,3,3,5,11,Need Attention,Low
13375,89,1,778.6499912738794,2,1,3,6,Lost Customers,Low
13376,99,3,1019.7599947452542,2,3,4,9,Need Attention,Medium
13379,26,3,572.5599986314775,4,3,3,10,Potential Loyalists,Low
13381,32,6,3639.3099877834316,4,5,5,14,Need Attention,Low
13382,281,1,222.98999929428103,1,1,1,3,Lost Customers,High
13384,31,7,4151.929966002703,4,5,5,14,Champions,Low
13385,330,1,534.5699936747552,1,1,3,5,Lost Customers,High
13388,131,2,677.0999982357025,2,2,3,7,Lost Customers,Medium
13389,11,3,797.9599944353106,5,3,3,11,Potential Loyalists,Low
13390,75,1,544.0799946784974,2,1,3,6,Lost Customers,Low
13391,204,1,59.7999992370605,1,1,1,3,Lost Customers,High
13394,2,8,2520.019978761673,5,5,5,15,Champions,Low
13395,185,1,307.7199962735176,1,1,2,4,Lost Customers,High
13396,29,2,1360.9899971485136,4,2,4,10,Need Attention,Low
13397,73,5,1544.1299943923943,2,4,4,10,Need Attention,Low
13398,192,1,457.33999362587923,1,1,2,4,Lost Customers,High
13402,127,2,621.2300001382828,2,2,3,7,Lost Customers,Medium
13403,18,1,75.0,4,1,1,6,Potential Loyalists,Low
13404,1,2,252.4900012016295,5,2,2,9,Potential Loyalists,Low
13405,74,3,572.4509919414994,2,3,3,8,Need Attention,Low
13408,2,62,28117.039848893877,5,5,5,15,Champions,Low
13410,24,5,1003.0600085258485,4,4,4,12,Need Attention,Low
13411,107,1,213.54999971389776,2,1,1,4,Lost Customers,Medium
13414,134,3,1390.4999992847443,2,3,4,9,Need Attention,Medium
13416,44,2,712.4999904632567,3,2,3,8,Need Attention,Low
13417,5,2,640.8299965858458,5,2,3,10,Potential Loyalists,Low
13418,12,18,6127.429963178934,5,5,5,15,Champions,Low
13419,64,1,221.05999192595482,3,1,1,5,Lost Customers,Low
13420,150,2,159.8499997258187,2,2,1,5,Lost Customers,Medium
13421,40,2,1833.7099922597406,3,2,4,9,Need Attention,Low
13422,64,1,2626.2999862432475,3,1,5,9,Need Attention,Low
13425,108,3,1624.2099906504152,2,3,4,9,Need Attention,Medium
13426,1,10,3641.319982498885,5,5,5,15,Champions,Low
13427,19,3,582.5999955832962,4,3,3,10,Potential Loyalists,Low
13428,10,1,201.779998421669,5,1,1,7,Potential Loyalists,Low
13429,11,4,1006.7999732494349,5,4,4,13,Potential Loyalists,Low
13430,19,2,679.4499946832657,4,2,3,9,Potential Loyalists,Low
13431,67,2,1269.0999920368188,3,2,4,9,Need Attention,Low
13434,74,2,534.2399990558616,2,2,3,7,Lost Customers,Low
13435,5,7,3809.889979243277,5,5,5,15,Champions,Low
13436,2,1,196.8900014460088,5,1,1,7,Potential Loyalists,Low
13437,14,7,3408.059993743895,4,5,5,14,Champions,Low
13439,255,1,283.70999884605413,1,1,2,4,Lost Customers,High
13441,92,1,296.6400020122528,2,1,2,5,Lost Customers,Medium
13447,23,3,1129.1399882435796,4,3,4,11,Need Attention,Low
13448,17,6,3534.68994051218,4,5,5,14,Champions,Low
13449,24,1,291.8799954652785,4,1,2,7,Potential Loyalists,Low
13450,27,6,2043.7200173735623,4,5,4,13,Need Attention,Low
13451,26,5,2898.25997966528,4,4,5,13,Need Attention,Low
13452,259,2,590.0,1,2,3,6,Lost Customers,High
13453,166,2,356.9799952507019,2,2,2,6,Lost Customers,Medium
13455,25,2,1058.3399922847746,4,2,4,10,Potential Loyalists,Low
13456,18,6,1766.7199912071235,4,5,4,13,Need Attention,Low
13458,7,14,9646.569989115,5,5,5,15,Champions,Low
13460,29,2,183.43999600410496,4,2,1,7,Potential Loyalists,Low
13461,39,3,1444.9999990463252,3,3,4,10,Need Attention,Low
13462,253,1,151.4999985694884,1,1,1,3,Lost Customers,High
13464,58,1,674.6799986064436,3,1,3,7,Lost Customers,Low
13466,184,1,307.899997919798,1,1,2,4,Lost Customers,High
13467,11,2,1071.9099916517735,5,2,4,11,Potential Loyalists,Low
13468,2,37,5704.969949036836,5,5,5,15,Champions,Low
13470,99,2,164.99999761581398,2,2,1,5,Lost Customers,Medium
13471,1,4,2501.839986652136,5,4,5,14,Champions,Low
13473,61,2,422.63999652862555,3,2,2,7,Lost Customers,Low
13474,236,1,226.83999928832054,1,1,1,3,Lost Customers,High
13475,191,4,1431.7799968719487,1,4,4,9,Need Attention,High
13476,179,2,1238.4699935913086,2,2,4,8,Need Attention,Medium
13477,38,6,1454.579987972975,3,5,4,12,Need Attention,Low
13479,201,2,300.94999885559076,1,2,2,5,Lost Customers,High
13481,46,5,1804.5599833130832,3,4,4,11,Need Attention,Low
13482,232,1,184.639999628067,1,1,1,3,Lost Customers,High
13483,66,1,140.3400003910066,3,1,1,5,Lost Customers,Low
13484,241,1,313.7999973297119,1,1,2,4,Lost Customers,High
13485,233,1,454.2399978637695,1,1,2,4,Lost Customers,High
13486,78,3,1122.4099956154823,2,3,4,9,Need Attention,Low
13487,58,3,575.3999988734724,3,3,3,9,Need Attention,Low
13488,17,13,8968.309963017702,4,5,5,14,Champions,Low
13489,105,4,449.5200054645544,2,4,2,8,Need Attention,Medium
13491,52,10,1215.8199862837794,3,5,4,12,Need Attention,Low
13492,136,3,1269.8399844169612,2,3,4,9,Need Attention,Medium
13493,275,2,618.6300058364864,1,2,3,6,Lost Customers,High
13494,312,1,316.2599973678589,1,1,2,4,Lost Customers,High
13495,8,5,2044.8699865341182,5,4,4,13,Champions,Low
13496,11,2,653.3300026655197,5,2,3,10,Potential Loyalists,Low
13497,283,2,348.04999899864197,1,2,2,5,Lost Customers,High
13499,18,5,1159.1099784374233,4,4,4,12,Need Attention,Low
13500,23,3,1166.7699861526487,4,3,4,11,Need Attention,Low
13501,288,1,1340.3199882507322,1,1,4,6,Lost Customers,High
13502,17,3,291.9999957680702,4,3,2,9,Potential Loyalists,Low
13503,71,1,216.84999689459835,3,1,1,5,Lost Customers,Low
13504,64,1,295.92999640107155,3,1,2,6,Lost Customers,Low
13505,73,4,4393.629996269941,2,4,5,11,Need Attention,Low
13506,316,2,458.51999664306635,1,2,2,5,Lost Customers,High
13507,3,4,2479.159981995821,5,4,5,14,Champions,Low
13508,244,1,110.96999788284305,1,1,1,3,Lost Customers,High
13509,9,7,979.7199945747853,5,5,4,14,Champions,Low
13510,1,4,1791.5599824488158,5,4,4,13,Champions,Low
13512,261,1,251.20999717712394,1,1,2,4,Lost Customers,High
13513,127,1,205.0999979972839,2,1,1,4,Lost Customers,Medium
13514,74,1,152.2000026702881,2,1,1,4,Lost Customers,Low
13515,73,4,891.119999140501,2,4,3,9,Need Attention,Low
13516,21,3,1389.4099795818324,4,3,4,11,Need Attention,Low
13517,60,3,2128.419983953238,3,3,5,11,Need Attention,Low
13518,86,1,627.1599988937375,2,1,3,6,Lost Customers,Low
13519,78,1,122.74999713897719,2,1,1,4,Lost Customers,Low
13520,59,6,3624.3500027656582,3,5,5,13,Need Attention,Low
13521,1,3,1071.729992441833,5,3,4,12,Potential Loyalists,Low
13522,30,1,125.7999997138977,4,1,1,6,Potential Loyalists,Low
13523,33,5,3964.8799854516983,3,4,5,12,Need Attention,Low
13524,41,5,680.1799991130829,3,4,3,10,Need Attention,Low
13525,15,2,628.7800121307382,4,2,3,9,Potential Loyalists,Low
13527,34,7,2242.3599779605865,3,5,5,13,Need Attention,Low
13529,79,2,307.76000356674183,2,2,2,6,Lost Customers,Low
13531,205,2,483.7999944686889,1,2,2,5,Lost Customers,High
13532,34,1,210.3099986612798,3,1,1,5,Potential Loyalists,Low
13533,183,3,269.08999904990196,1,3,2,6,Lost Customers,High
13534,2,25,5870.079915404319,5,5,5,15,Champions,Low
13536,1,7,3444.389961004257,5,5,5,15,Champions,Low
13538,43,7,1280.8499898910518,3,5,4,12,Need Attention,Low
13539,86,3,631.339997828007,2,3,3,8,Need Attention,Low
13544,40,2,276.0599969923497,3,2,2,7,Potential Loyalists,Low
13546,12,3,621.0899996459484,5,3,3,11,Potential Loyalists,Low
13548,96,2,678.159998446703,2,2,3,7,Lost Customers,Medium
13549,26,7,918.1999957561491,4,5,3,12,Need Attention,Low
13551,319,1,91.7999982833862,1,1,1,3,Lost Customers,High
13552,66,12,3740.0699597895145,3,5,5,13,Champions,Low
13555,74,4,4098.879967957734,2,4,5,11,Need Attention,Low
13557,28,2,584.0599972605706,4,2,3,9,Potential Loyalists,Low
13558,6,4,594.5199972987175,5,4,3,12,Potential Loyalists,Low
13560,7,1,171.41999787092212,5,1,1,7,Potential Loyalists,Low
13561,216,1,141.8599974513054,1,1,1,3,Lost Customers,High
13562,82,3,1799.3299620151506,2,3,4,9,Need Attention,Low
13563,84,2,777.5299983024596,2,2,3,7,Need Attention,Low
13564,144,3,1724.670007497073,2,3,4,9,Need Attention,Medium
13565,19,2,240.22000008821487,4,2,1,7,Potential Loyalists,Low
13566,41,2,856.8399971872569,3,2,3,8,Need Attention,Low
13568,173,1,187.04999959468844,2,1,1,4,Lost Customers,Medium
13569,17,2,338.6199984550477,4,2,2,8,Potential Loyalists,Low
13570,243,1,239.49000182747838,1,1,1,3,Lost Customers,High
13571,13,12,2088.939983010292,5,5,5,15,Champions,Low
13572,206,1,1384.2499887943263,1,1,4,6,Lost Customers,High
13573,50,2,290.24999800324457,3,2,2,7,Lost Customers,Low
13575,23,5,732.0699958801267,4,4,3,11,Need Attention,Low
13576,10,18,6717.340069413186,5,5,5,15,Champions,Low
13577,25,4,1687.5999720692628,4,4,4,12,Need Attention,Low
13579,15,2,467.03999352455116,4,2,2,8,Potential Loyalists,Low
13581,309,1,117.99999904632568,1,1,1,3,Lost Customers,High
13583,156,1,781.0299922227858,2,1,3,6,Lost Customers,Medium
13584,307,1,142.399997830391,1,1,1,3,Lost Customers,High
13587,64,1,712.4000067710874,3,1,3,7,Lost Customers,Low
13588,16,9,2478.9499824941167,4,5,5,14,Champions,Low
13589,15,2,379.64999628067005,4,2,2,8,Potential Loyalists,Low
13590,11,6,1981.919979214668,5,5,4,14,Champions,Low
13591,65,3,1117.1299989223482,3,3,4,10,Need Attention,Low
13592,36,4,247.95999765396115,3,4,1,8,Potential Loyalists,Low
13593,108,5,2011.8799856901173,2,4,4,10,Need Attention,Medium
13594,53,1,396.9699983671308,3,1,2,6,Lost Customers,Low
13596,6,2,664.109995752573,5,2,3,10,Potential Loyalists,Low
13598,47,1,160.03999912738797,3,1,1,5,Lost Customers,Low
13599,1,21,5149.919939905404,5,5,5,15,Champions,Low
13600,312,1,219.51999673247366,1,1,1,3,Lost Customers,High
13601,45,2,693.3199917972086,3,2,3,8,Need Attention,Low
13602,65,1,428.88999390602106,3,1,2,6,Lost Customers,Low
13603,26,1,164.33999848365784,4,1,1,6,Potential Loyalists,Low
13606,29,3,276.7500020265579,4,3,2,9,Potential Loyalists,Low
13607,40,1,675.5099967718126,3,1,3,7,Potential Loyalists,Low
13610,12,7,1082.3299953341486,5,5,4,14,Champions,Low
13611,89,3,1154.3999954462051,2,3,4,9,Need Attention,Low
13614,24,4,1585.459998011589,4,4,4,12,Need Attention,Low
13615,319,1,417.6899993419647,1,1,2,4,Lost Customers,High
13617,40,3,544.1799990534782,3,3,3,9,Need Attention,Low
13618,174,1,177.34000074863422,2,1,1,4,Lost Customers,Medium
13621,117,1,213.84999987483027,2,1,1,4,Lost Customers,Medium
13623,31,5,727.7399967908855,4,4,3,11,Need Attention,Low
13626,253,1,257.2300007343293,1,1,2,4,Lost Customers,High
13627,59,5,1638.4699829816818,3,4,4,11,Need Attention,Low
13629,23,11,7792.359820127486,4,5,5,14,Champions,Low
13630,5,7,2031.7799784541141,5,5,4,14,Champions,Low
13631,100,11,3070.4199981689453,2,5,5,12,Need Attention,Medium
13632,25,5,2118.929990828037,4,4,5,13,Need Attention,Low
13634,33,5,1547.3599873483183,3,4,4,11,Need Attention,Low
13635,68,1,1071.0299925804138,3,1,4,8,Lost Customers,Low
13636,37,5,949.119992673397,3,4,4,11,Need Attention,Low
13637,52,3,804.2999963760376,3,3,3,9,Need Attention,Low
13638,16,1,122.64000001549715,4,1,1,6,Potential Loyalists,Low
13639,74,1,1033.3399982452393,2,1,4,7,Lost Customers,Low
13642,216,1,312.2799959778786,1,1,2,4,Lost Customers,High
13643,31,3,519.4399915039534,4,3,3,10,Potential Loyalists,Low
13644,16,4,2624.2599812746043,4,4,5,13,Need Attention,Low
13645,120,1,252.0999999046326,2,1,2,5,Lost Customers,Medium
13647,10,4,1648.1199943125246,5,4,4,13,Need Attention,Low
13649,257,2,346.59999608993525,1,2,2,5,Lost Customers,High
13650,17,6,1836.339994907379,4,5,4,13,Need Attention,Low
13651,35,2,94.2000007629395,3,2,1,6,Potential Loyalists,Low
13652,46,3,1095.079986810684,3,3,4,10,Need Attention,Low
13654,43,6,2707.3299967944627,3,5,5,13,Need Attention,Low
13655,114,2,932.9699934720993,2,2,3,7,Need Attention,Medium
13656,165,2,379.64999955892563,2,2,2,6,Lost Customers,Medium
13657,11,2,382.13999471068377,5,2,2,9,Potential Loyalists,Low
13658,10,5,2639.1699650287615,5,4,5,14,Champions,Low
13659,206,2,1562.9999901652336,1,2,4,7,Need Attention,High
13662,86,3,881.2599950134753,2,3,3,8,Need Attention,Low
13663,179,1,189.46999990940094,1,1,1,3,Lost Customers,Medium
13666,60,3,84.65000021457679,3,3,1,7,Lost Customers,Low
13667,149,1,299.0499971210957,2,1,2,5,Lost Customers,Medium
13668,3,21,6309.829895317555,5,5,5,15,Champions,Low
13669,51,2,218.55000275373465,3,2,1,6,Lost Customers,Low
13670,75,1,349.70000100135803,2,1,2,5,Lost Customers,Low
13672,301,2,186.3900003433227,1,2,1,4,Lost Customers,High
13673,19,2,387.43999761343014,4,2,2,8,Potential Loyalists,Low
13675,151,2,486.8199965953825,2,2,2,6,Lost Customers,Medium
13678,152,1,232.5999973416327,2,1,1,4,Lost Customers,Medium
13680,1,4,3719.119996845723,5,4,5,14,Champions,Low
13681,18,4,827.8299936652185,4,4,3,11,Potential Loyalists,Low
13682,187,1,59.5,1,1,1,3,Lost Customers,High
13684,286,1,65.12999975681306,1,1,1,3,Lost Customers,High
13685,3,7,3119.4399662613896,5,5,5,15,Champions,Low
13686,183,1,72.00000047683709,1,1,1,3,Lost Customers,High
13689,63,1,909.9999809265149,3,1,3,7,Lost Customers,Low
13690,59,1,172.24999809265142,3,1,1,5,Lost Customers,Low
13692,25,3,1488.3199789524065,4,3,4,11,Need Attention,Low
13694,4,50,65039.61966629326,5,5,5,15,Champions,Low
13695,31,15,2504.129977941514,4,5,5,14,Champions,Low
13697,39,1,151.29999938607224,3,1,1,5,Lost Customers,Low
13699,155,1,308.57999396324146,2,1,2,5,Lost Customers,Medium
13700,26,10,2248.6299801468854,4,5,5,14,Champions,Low
13703,318,1,99.4999980926514,1,1,1,3,Lost Customers,High
13704,5,9,2308.0599835217004,5,5,5,15,Champions,Low
13705,8,3,711.8599989414214,5,3,3,11,Potential Loyalists,Low
13706,303,1,330.78999900817877,1,1,2,4,Lost Customers,High
13707,267,2,806.4099946022034,1,2,3,6,Lost Customers,High
13708,271,1,285.32999625802057,1,1,2,4,Lost Customers,High
13709,4,13,6307.649957895279,5,5,5,15,Champions,Low
13710,32,1,180.47999620437625,4,1,1,6,Potential Loyalists,Low
13711,219,2,252.059997022152,1,2,2,5,Lost Customers,High
13712,247,1,228.8400020599366,1,1,1,3,Lost Customers,High
13715,281,5,1077.3899963498116,1,4,4,9,Need Attention,High
13716,269,1,138.28000128269198,1,1,1,3,Lost Customers,High
13717,32,6,1445.0099917948244,4,5,4,13,Need Attention,Low
13718,246,2,306.55000033974613,1,2,2,5,Lost Customers,High
13719,15,5,1041.6799988746643,4,4,4,12,Need Attention,Low
13720,117,4,799.9000008106232,2,4,3,9,Need Attention,Medium
13721,36,1,524.1399989128113,3,1,3,7,Potential Loyalists,Low
13722,132,3,2375.409976065159,2,3,5,10,Need Attention,Medium
13723,217,1,199.8499982357026,1,1,1,3,Lost Customers,High
13725,50,8,1980.5599884986875,3,5,4,12,Need Attention,Low
13726,39,2,1079.6599733829496,3,2,4,9,Need Attention,Low
13727,29,2,333.4799962043761,4,2,2,8,Potential Loyalists,Low
13728,37,6,1016.139989852906,3,5,4,12,Need Attention,Low
13730,136,2,752.5999968051913,2,2,3,7,Lost Customers,Medium
13731,219,2,610.5899985432625,1,2,3,6,Lost Customers,High
13732,28,1,491.8599998950958,4,1,3,8,Potential Loyalists,Low
13735,25,4,2883.539972543716,4,4,5,13,Need Attention,Low
13736,5,2,729.7999989092352,5,2,3,10,Potential Loyalists,Low
13737,200,1,339.5999964475631,1,1,2,4,Lost Customers,High
13739,18,1,216.89999485015858,4,1,1,6,Potential Loyalists,Low
13740,241,1,350.74999713897705,1,1,2,4,Lost Customers,High
13741,72,3,668.4299947023392,2,3,3,8,Need Attention,Low
13742,17,12,3107.8699752092366,4,5,5,14,Champions,Low
13743,3,7,1341.5999794006345,5,5,4,14,Champions,Low
13744,95,2,1080.519998729229,2,2,4,8,Need Attention,Medium
13745,162,1,300.03999686241167,2,1,2,5,Lost Customers,Medium
13747,374,1,79.5999984741211,1,1,1,3,Lost Customers,High
13748,96,5,948.2499933242791,2,4,4,10,Need Attention,Medium
13750,54,5,1647.260021686555,3,4,4,11,Need Attention,Low
13751,288,1,296.24999490380264,1,1,2,4,Lost Customers,High
13752,124,6,1175.3799960315228,2,5,4,11,Need Attention,Medium
13753,288,1,741.2599992156033,1,1,3,5,Lost Customers,High
13754,152,2,282.6000032424927,2,2,2,6,Lost Customers,Medium
13755,4,9,2108.0599725805223,5,5,5,15,Champions,Low
13756,2,14,5189.5199431777,5,5,5,15,Champions,Low
13758,12,7,3190.549964100121,5,5,5,15,Champions,Low
13759,33,2,659.4099969863889,3,2,3,8,Potential Loyalists,Low
13760,54,2,286.79000052809727,3,2,2,7,Lost Customers,Low
13761,50,2,1070.6499913930893,3,2,4,9,Need Attention,Low
13762,219,1,306.7200059890751,1,1,2,4,Lost Customers,High
13763,63,1,1714.9600229263285,3,1,4,8,Need Attention,Low
13764,71,3,1519.419991433621,3,3,4,10,Need Attention,Low
13767,2,37,17220.360014080998,5,5,5,15,Champions,Low
13769,2,10,2796.5099787712093,5,5,5,15,Champions,Low
13771,64,4,2634.4499990940094,3,4,5,12,Need Attention,Low
13772,34,3,1122.6299912631514,3,3,4,10,Need Attention,Low
13774,82,1,345.0000021457671,2,1,2,5,Lost Customers,Low
13777,1,33,25977.15985441207,5,5,5,15,Champions,Low
13778,103,1,178.69999635219577,2,1,1,4,Lost Customers,Medium
13780,7,2,360.0100022852422,5,2,2,9,Potential Loyalists,Low
13781,251,1,127.83999776840218,1,1,1,3,Lost Customers,High
13782,13,6,908.8599921464922,5,5,3,13,Need Attention,Low
13784,10,11,2462.789977788926,5,5,5,15,Champions,Low
13786,367,1,230.3999979496003,1,1,1,3,Lost Customers,High
13787,76,2,309.0399973392487,2,2,2,6,Lost Customers,Low
13790,4,1,348.79999291896837,5,1,2,8,Potential Loyalists,Low
13791,128,2,1516.0000324249286,2,2,4,8,Need Attention,Medium
13792,66,2,195.5500011444092,3,2,1,6,Lost Customers,Low
13798,1,57,37153.84967610241,5,5,5,15,Champions,Low
13799,117,2,688.8599975109099,2,2,3,7,Lost Customers,Medium
13800,310,1,558.3200018703939,1,1,3,5,Lost Customers,High
13801,67,1,324.79999971389776,3,1,2,6,Lost Customers,Low
13802,139,3,4599.419979333879,2,3,5,10,Need Attention,Medium
13803,255,1,277.0700001716613,1,1,2,4,Lost Customers,High
13804,31,7,2588.389995336532,4,5,5,14,Need Attention,Low
13805,52,2,924.6000072956091,3,2,3,8,Need Attention,Low
13806,64,1,256.3799967765807,3,1,2,6,Lost Customers,Low
13807,367,1,112.5999984741211,1,1,1,3,Lost Customers,High
13808,6,5,1747.659997582436,5,4,4,13,Champions,Low
13809,305,1,155.04999995231634,1,1,1,3,Lost Customers,High
13810,29,3,1499.009994506836,4,3,4,11,Need Attention,Low
13811,184,3,814.5,1,3,3,7,Need Attention,High
13812,42,3,539.0000002384184,3,3,3,9,Need Attention,Low
13813,40,4,1366.8599875271316,3,4,4,11,Need Attention,Low
13814,92,2,1579.1200156211855,2,2,4,8,Need Attention,Medium
13815,22,4,4027.35998609662,4,4,5,13,Need Attention,Low
13816,24,2,571.6700026988983,4,2,3,9,Potential Loyalists,Low
13817,29,2,382.97999668121315,4,2,2,8,Potential Loyalists,Low
13819,302,3,1140.3499984741213,1,3,4,8,Need Attention,High
13821,145,2,385.63999938964844,2,2,2,6,Lost Customers,Medium
13822,6,2,631.9999900609259,5,2,3,10,Potential Loyalists,Low
13823,19,2,957.6599886715411,4,2,4,10,Potential Loyalists,Low
13824,33,5,1698.939988851547,3,4,4,11,Need Attention,Low
13826,176,1,189.49999904632568,2,1,1,4,Lost Customers,Medium
13827,58,3,409.79999870061886,3,3,2,8,Need Attention,Low
13828,22,1,209.49000000953657,4,1,1,6,Potential Loyalists,Low
13831,16,6,2198.449967265128,4,5,5,14,Champions,Low
13832,19,1,52.2000002861023,4,1,1,6,Potential Loyalists,Low
13833,159,1,383.84999698400514,2,1,2,5,Lost Customers,Medium
13835,25,4,834.5699939727782,4,4,3,11,Need Attention,Low
13837,212,2,266.5900011360646,1,2,2,5,Lost Customers,High
13838,6,4,674.8199956417087,5,4,3,12,Potential Loyalists,Low
13841,253,1,85.0000023841858,1,1,1,3,Lost Customers,High
13842,59,9,3385.619992256165,3,5,5,13,Need Attention,Low
13844,11,1,361.6199998855588,5,1,2,8,Potential Loyalists,Low
13845,65,1,312.9799973964688,3,1,2,6,Lost Customers,Low
13846,25,3,865.0599884986876,4,3,3,10,Need Attention,Low
13848,92,3,1254.999977350236,2,3,4,9,Need Attention,Medium
13849,52,2,1537.9499931633472,3,2,4,9,Need Attention,Low
13850,129,1,1595.4799901247013,2,1,4,7,Need Attention,Medium
13851,96,3,2651.4599968492985,2,3,5,10,Need Attention,Medium
13853,57,1,1090.139990329742,3,1,4,8,Need Attention,Low
13854,9,25,8109.520022630689,5,5,5,15,Champions,Low
13856,169,3,388.5000050067902,2,3,2,7,Lost Customers,Medium
13858,57,1,216.1699986457824,3,1,1,5,Lost Customers,Low
13859,326,1,201.1599977016451,1,1,1,3,Lost Customers,High
13860,1,5,1245.899993419647,5,4,4,13,Champions,Low
13862,18,8,2209.3600032925606,4,5,5,14,Champions,Low
13863,248,1,305.77999973297136,1,1,2,4,Lost Customers,High
13865,58,4,501.5599989891052,3,4,3,10,Need Attention,Low
13866,74,1,145.6700024604797,2,1,1,4,Lost Customers,Low
13867,31,3,1005.089993476868,4,3,4,11,Need Attention,Low
13868,7,2,3192.5399422049513,5,2,5,12,Potential Loyalists,Low
13869,123,4,3083.6499782502665,2,4,5,11,Need Attention,Medium
13870,2,8,2770.939995437861,5,5,5,15,Champions,Low
13871,23,13,6403.24993738532,4,5,5,14,Champions,Low
13873,120,3,389.59999966621416,2,3,2,7,Lost Customers,Medium
13874,358,1,540.4499974250793,1,1,3,5,Lost Customers,High
13875,54,5,1786.789983183145,3,4,4,11,Need Attention,Low
13876,64,1,122.6999969482421,3,1,1,5,Lost Customers,Low
13877,86,1,117.2400026321412,2,1,1,4,Lost Customers,Low
13878,55,1,1271.5699937343595,3,1,4,8,Need Attention,Low
13880,21,13,3219.7699892818932,4,5,5,14,Champions,Low
13881,4,20,17159.519902229313,5,5,5,15,Champions,Low
13882,3,5,1191.129996418953,5,4,4,13,Champions,Low
13883,11,5,2674.4800026416783,5,4,5,14,Champions,Low
13884,7,5,787.5999906063078,5,4,3,12,Potential Loyalists,Low
13885,189,2,506.7999980449676,1,2,3,6,Lost Customers,High
13886,71,1,243.5599997043609,3,1,1,5,Lost Customers,Low
13887,204,1,349.54999518394465,1,1,2,4,Lost Customers,High
13888,120,2,595.6699979305266,2,2,3,7,Lost Customers,Medium
13889,93,1,416.89998674392666,2,1,2,5,Lost Customers,Medium
13890,1,10,1883.809971570968,5,5,4,14,Champions,Low
13892,27,4,632.9699926376338,4,4,3,11,Need Attention,Low
13893,298,1,821.099996089935,1,1,3,5,Lost Customers,High
13894,24,3,564.6199958324434,4,3,3,10,Potential Loyalists,Low
13895,28,4,2593.0699961185455,4,4,5,13,Need Attention,Low
13897,50,1,311.16000247001637,3,1,2,6,Lost Customers,Low
13898,326,1,155.92999982833862,1,1,1,3,Lost Customers,High
13899,16,2,388.5200014114381,4,2,2,8,Potential Loyalists,Low
13900,183,3,740.9499956369398,1,3,3,7,Need Attention,High
13901,72,5,2867.1999986171722,2,4,5,11,Need Attention,Low
13904,37,2,332.64000076055544,3,2,2,7,Potential Loyalists,Low
13908,80,4,2369.549986481666,2,4,5,11,Need Attention,Low
13911,57,9,2580.909987807275,3,5,5,13,Need Attention,Low
13914,12,2,626.4499931335447,5,2,3,10,Potential Loyalists,Low
13917,50,2,272.0399971008301,3,2,2,7,Lost Customers,Low
13918,50,2,1212.839985370636,3,2,4,9,Need Attention,Low
13919,59,2,384.8099969327456,3,2,2,7,Lost Customers,Low
13922,352,1,172.2499997019767,1,1,1,3,Lost Customers,High
13923,54,1,351.12999880313873,3,1,2,6,Lost Customers,Low
13924,2,6,1838.849990710616,5,5,4,14,Champions,Low
13925,93,4,678.2500014305116,2,4,3,9,Need Attention,Medium
13926,23,1,223.85000100731867,4,1,1,6,Potential Loyalists,Low
13927,75,1,348.9899957478045,2,1,2,5,Lost Customers,Low
13928,11,4,464.5699980258944,5,4,2,11,Potential Loyalists,Low
13929,169,2,842.6499867439263,2,2,3,7,Lost Customers,Medium
13930,58,2,337.340000629425,3,2,2,7,Lost Customers,Low
13931,96,2,1237.5300045013428,2,2,4,8,Need Attention,Medium
13932,295,1,307.3999981880188,1,1,2,4,Lost Customers,High
13933,109,2,608.7899923324583,2,2,3,7,Lost Customers,Medium
13934,264,1,922.0999999046326,1,1,3,5,Lost Customers,High
13936,180,1,376.57999730110157,1,1,2,4,Lost Customers,Medium
13937,169,1,158.85000085830688,2,1,1,4,Lost Customers,Medium
13938,35,1,71.65999960899354,3,1,1,5,Lost Customers,Low
13939,23,3,568.5499963313342,4,3,3,10,Potential Loyalists,Low
13940,17,4,839.1399980783465,4,4,3,11,Potential Loyalists,Low
13941,22,5,5112.959933757781,4,4,5,13,Champions,Low
13946,79,3,561.5699914693828,2,3,3,8,Need Attention,Low
13947,65,1,90.59999942779541,3,1,1,5,Lost Customers,Low
13948,361,1,102.0000009536743,1,1,1,3,Lost Customers,High
13949,3,6,2427.3199943602085,5,5,5,15,Champions,Low
13950,11,4,745.0599956512452,5,4,3,12,Potential Loyalists,Low
13951,176,3,674.4499958753587,2,3,3,8,Need Attention,Medium
13952,218,2,3251.070976210641,1,2,5,8,Need Attention,High
13953,7,7,3515.679990053177,5,5,5,15,Champions,Low
13954,2,2,439.9200036525727,5,3,2,10,Potential Loyalists,Low
13955,154,2,322.9600008726121,2,3,2,7,Lost Customers,Medium
13956,5,5,1019.2699957042936,5,4,4,13,Potential Loyalists,Low
13959,79,3,594.0399977564812,2,3,3,8,Need Attention,Low
13960,21,2,230.21999883651728,4,3,1,8,Potential Loyalists,Low
13962,22,2,169.5499985218049,4,3,1,8,Potential Loyalists,Low
13963,308,4,664.5399980545045,1,4,3,8,Need Attention,High
13967,146,1,80.69999885559079,2,1,1,4,Lost Customers,Medium
13969,7,18,9024.169952660797,5,5,5,15,Champions,Low
13971,19,8,2758.2599910497656,4,5,5,14,Champions,Low
13972,71,2,190.24999874830243,3,3,1,7,Lost Customers,Low
13973,287,1,264.69999948143965,1,1,2,4,Lost Customers,High
13974,49,1,413.58999729156494,3,1,2,6,Lost Customers,Low
13975,31,6,2461.239978432655,4,5,5,14,Need Attention,Low
13976,207,1,357.97999906539917,1,1,2,4,Lost Customers,High
13978,15,2,196.78999632596967,4,3,1,8,Potential Loyalists,Low
13979,73,1,869.8699876666066,2,1,3,6,Lost Customers,Low
13980,60,1,200.13999915122983,3,1,1,5,Lost Customers,Low
13982,39,4,1871.809986501932,3,4,4,11,Need Attention,Low
13983,30,12,2603.429989099503,4,5,5,14,Champions,Low
13984,27,5,920.5099792480473,4,4,3,11,Need Attention,Low
13985,4,15,7060.129926919934,5,5,5,15,Champions,Low
13986,17,1,320.45999693870544,4,1,2,7,Potential Loyalists,Low
13988,20,6,4147.959984838963,4,5,5,14,Champions,Low
13989,66,2,1266.0800056159505,3,3,4,10,Need Attention,Low
13990,213,1,311.29999637603754,1,1,2,4,Lost Customers,High
13991,12,6,852.8799893856045,5,5,3,13,Need Attention,Low
13992,30,1,76.80000019073486,4,1,1,6,Lost Customers,Low
13993,43,9,3466.359979867935,3,5,5,13,Champions,Low
13994,4,6,2274.1399790048595,5,5,5,15,Champions,Low
13995,15,5,1393.6899864673608,4,4,4,12,Need Attention,Low
13999,10,12,3901.80995929241,5,5,5,15,Champions,Low
14000,211,1,635.6599993705752,1,1,3,5,Lost Customers,High
14001,46,3,2043.0799789428725,3,3,4,10,Need Attention,Low
14002,134,2,529.7299949526788,2,3,3,8,Lost Customers,Medium
14004,43,7,4582.639957666396,3,5,5,13,Need Attention,Low
14005,10,5,2874.72001874447,5,4,5,14,Champions,Low
14006,116,3,962.1899948120122,2,3,4,9,Need Attention,Medium
14009,198,2,695.609997034073,1,3,3,7,Lost Customers,High
14012,278,1,328.8000011444092,1,1,2,4,Lost Customers,High
14013,110,3,473.0200003385543,2,3,2,7,Lost Customers,Medium
14014,77,1,505.179991066456,2,1,3,6,Lost Customers,Low
14015,53,1,917.3400006294254,3,1,3,7,Lost Customers,Low
14016,162,4,4341.209991395474,2,4,5,11,Need Attention,Medium
14019,47,3,1421.6099927425385,3,3,4,10,Need Attention,Low
14020,17,2,642.799998909235,4,3,3,10,Potential Loyalists,Low
14021,155,3,631.8999917507169,2,3,3,8,Need Attention,Medium
14022,225,1,439.9999966323379,1,1,2,4,Lost Customers,High
14023,7,2,584.0699956417083,5,3,3,11,Potential Loyalists,Low
14024,122,2,327.6999945640561,2,3,2,7,Lost Customers,Medium
14027,61,1,104.81999921798717,3,1,1,5,Lost Customers,Low
14029,63,2,467.6599969863893,3,3,2,8,Lost Customers,Low
14030,18,8,2358.8399948477754,4,5,5,14,Champions,Low
14031,7,19,17286.85983920097,5,5,5,15,Champions,Low
14032,2,11,2975.5899831950665,5,5,5,15,Champions,Low
14034,22,3,648.8900056183338,4,3,3,10,Potential Loyalists,Low
14035,29,5,1428.0200139880178,4,4,4,12,Need Attention,Low
14036,285,1,626.649991631508,1,1,3,5,Lost Customers,High
14037,176,2,147.1999995708466,2,3,1,6,Lost Customers,Medium
14038,78,3,1560.3799761831744,2,3,4,9,Need Attention,Low
14039,33,1,152.2000017166137,3,1,1,5,Lost Customers,Low
14040,41,12,3560.3199586570263,3,5,5,13,Champions,Low
14041,266,1,141.4099986255169,1,1,1,3,Lost Customers,High
14044,27,4,646.4199964106083,4,4,3,11,Need Attention,Low
14045,109,4,1659.749983906745,2,4,4,10,Need Attention,Medium
14046,284,1,154.98999536037448,1,1,1,3,Lost Customers,High
14047,9,5,1308.609998941421,5,4,4,13,Need Attention,Low
14048,305,1,409.9299972057344,1,1,2,4,Lost Customers,High
14049,17,4,5578.719947040081,4,4,5,13,Need Attention,Low
14050,32,2,746.3600009977816,4,3,3,10,Potential Loyalists,Low
14051,1,23,15610.389792442316,5,5,5,15,Champions,Low
14052,20,1,225.35999879240987,4,1,1,6,Potential Loyalists,Low
14053,124,2,260.2499949932097,2,3,2,7,Lost Customers,Medium
14054,65,1,92.45999860763538,3,1,1,5,Lost Customers,Low
14055,106,1,725.6400113105773,2,1,3,6,Lost Customers,Medium
14056,1,23,8152.709939628841,5,5,5,15,Champions,Low
14057,24,17,6211.6599622666845,4,5,5,14,Champions,Low
14059,267,1,183.5999999046325,1,1,1,3,Lost Customers,High
14060,5,19,6140.419916808606,5,5,5,15,Champions,Low
14062,10,12,10464.849886000155,5,5,5,15,Champions,Low
14064,29,5,1334.340006709099,4,4,4,12,Need Attention,Low
14066,267,1,152.5499982833862,1,1,1,3,Lost Customers,High
14067,64,2,374.6999959647657,3,3,2,8,Lost Customers,Low
14068,320,1,265.84999990463257,1,1,2,4,Lost Customers,High
14071,4,8,1437.5699956268074,5,5,4,14,Champions,Low
14073,32,1,151.04000091552737,4,1,1,6,Potential Loyalists,Low
14075,5,3,942.2599904537202,5,3,4,12,Potential Loyalists,Low
14076,129,1,118.67000035941605,2,1,1,4,Lost Customers,Medium
14077,41,5,499.4199990034105,3,4,3,10,Need Attention,Low
14078,102,6,1049.3699851036074,2,5,4,11,Need Attention,Medium
14079,125,1,375.0999949276447,2,1,2,5,Lost Customers,Medium
14080,33,1,45.6000008583069,3,1,1,5,Lost Customers,Low
14081,302,2,921.6199898719791,1,3,3,7,Lost Customers,High
14082,365,1,182.24999845027924,1,1,1,3,Lost Customers,High
14083,4,9,1002.8999891877176,5,5,4,14,Champions,Low
14085,2,18,4421.289958268405,5,5,5,15,Champions,Low
14087,3,1,191.46999871358275,5,1,1,7,Potential Loyalists,Low
14088,10,13,50491.8097076416,5,5,5,15,Champions,Low
14089,57,1,158.7500002384186,3,1,1,5,Lost Customers,Low
14090,325,1,76.319995880127,1,1,1,3,Lost Customers,High
14092,8,14,4076.9099759161472,5,5,5,15,Champions,Low
14093,12,1,433.8599937558174,5,1,2,8,Potential Loyalists,Low
14096,4,17,65164.78999716046,5,5,5,15,Champions,Low
14098,37,1,147.3499975353479,3,1,1,5,Lost Customers,Low
14099,16,11,3104.169959485531,4,5,5,14,Champions,Low
14100,138,1,191.94999819993973,2,1,1,4,Lost Customers,Medium
14101,74,6,5976.789989233013,2,5,5,12,Need Attention,Low
14102,5,5,1105.8800078630447,5,4,4,13,Potential Loyalists,Low
14104,155,2,216.2100013867021,2,3,1,6,Lost Customers,Medium
14105,239,1,1266.2299943268301,1,1,4,6,Lost Customers,High
14107,52,7,2703.229969501495,3,5,5,13,Need Attention,Low
14108,31,2,597.9099946618084,4,3,3,10,Potential Loyalists,Low
14109,73,1,144.1999995708466,2,1,1,4,Lost Customers,Low
14110,4,12,5683.150017321107,5,5,5,15,Champions,Low
14111,14,4,692.8499987125396,4,4,3,11,Potential Loyalists,Low
14112,23,7,2915.1499698162056,4,5,5,14,Champions,Low
14113,4,4,1840.4199993312354,5,4,4,13,Champions,Low
14114,274,2,386.5300052165985,1,3,2,6,Lost Customers,High
14116,20,5,1382.7399959564207,4,4,4,12,Need Attention,Low
14117,144,1,90.0,2,1,1,4,Lost Customers,Medium
14121,4,4,2780.149989843368,5,4,5,14,Champions,Low
14124,84,1,419.5799913108349,2,1,2,5,Lost Customers,Low
14125,11,3,2720.6299856007104,5,3,5,13,Need Attention,Low
14126,8,3,706.1299853324892,5,3,3,11,Potential Loyalists,Low
14127,123,3,709.7099871635436,2,3,3,8,Need Attention,Medium
14128,61,2,637.4999970495702,3,3,3,9,Need Attention,Low
14129,2,5,1123.8599896430965,5,4,4,13,Champions,Low
14130,319,1,480.909998446703,1,1,2,4,Lost Customers,High
14132,2,11,3586.0299944281583,5,5,5,15,Champions,Low
14133,130,3,605.6400017738345,2,3,3,8,Need Attention,Medium
14135,2,15,4690.309940010308,5,5,5,15,Champions,Low
14138,2,2,965.8799856901165,5,3,4,12,Potential Loyalists,Low
14139,46,1,415.81999790668493,3,1,2,6,Lost Customers,Low
14140,4,2,935.0499979257585,5,3,4,12,Potential Loyalists,Low
14141,3,4,915.1299772262568,5,4,3,12,Potential Loyalists,Low
14142,373,1,311.8099987804891,1,1,2,4,Lost Customers,High
14143,134,1,115.7999997138977,2,1,1,4,Lost Customers,Medium
14145,47,4,3742.1998558044415,3,4,5,12,Need Attention,Low
14146,9,5,4190.999990135432,5,4,5,14,Champions,Low
14147,78,2,483.3999996185303,2,3,2,7,Lost Customers,Low
14148,234,1,157.1999988555908,1,1,1,3,Lost Customers,High
14149,221,1,446.61999869346613,1,1,2,4,Lost Customers,High
14150,36,2,658.639999836683,3,3,3,9,Potential Loyalists,Low
14152,75,2,621.2899931669234,2,3,3,8,Lost Customers,Low
14154,239,2,1345.6199959516528,1,3,4,8,Need Attention,High
14155,266,1,118.7499976158142,1,1,1,3,Lost Customers,High
14156,10,55,117210.07954704762,5,5,5,15,Champions,Low
14157,20,2,424.8899937868118,4,3,2,9,Potential Loyalists,Low
14158,40,1,507.65999332070385,3,1,3,7,Potential Loyalists,Low
14159,20,11,4630.349972710014,4,5,5,14,Champions,Low
14161,216,3,1097.6199924051764,1,3,4,8,Need Attention,High
14162,174,2,289.36000013351446,2,3,2,7,Lost Customers,Medium
14163,87,4,2445.909963905811,2,4,5,11,Need Attention,Low
14164,71,2,1631.7699930667877,3,3,4,10,Need Attention,Low
14165,276,1,120.43999913334848,1,1,1,3,Lost Customers,High
14167,39,4,562.5899975299835,3,4,3,10,Need Attention,Low
14171,98,1,363.78999847173696,2,1,2,5,Lost Customers,Medium
14173,11,4,450.8399970531464,5,4,2,11,Potential Loyalists,Low
14174,33,1,134.4600003361702,3,1,1,5,Lost Customers,Low
14175,60,3,3222.2999808490276,3,3,5,11,Need Attention,Low
14176,297,4,576.8999979496002,1,4,3,8,Lost Customers,High
14177,86,4,549.4599892497065,2,4,3,9,Need Attention,Low
14178,9,7,1600.259977184236,5,5,4,14,Champions,Low
14179,41,2,701.5699949562551,3,3,3,9,Potential Loyalists,Low
14180,11,25,4748.519965648651,5,5,5,15,Champions,Low
14184,67,1,452.89000010490423,3,1,2,6,Lost Customers,Low
14185,331,1,197.6499996185303,1,1,1,3,Lost Customers,High
14188,31,6,2054.359954714775,4,5,4,13,Need Attention,Low
14189,2,15,4654.079978078604,5,5,5,15,Champions,Low
14191,2,13,4684.759937465189,5,5,5,15,Champions,Low
14193,68,2,853.3899945020673,3,3,3,9,Need Attention,Low
14194,5,21,11349.519889742132,5,5,5,15,Champions,Low
14195,202,2,1012.0000038146968,1,3,4,8,Lost Customers,High
14196,107,1,335.51999568939186,2,1,2,5,Lost Customers,Medium
14198,18,4,701.3999944329262,4,4,3,11,Potential Loyalists,Low
14199,218,1,185.39999723434428,1,1,1,3,Lost Customers,High
14201,60,7,747.4399998188017,3,5,3,11,Need Attention,Low
14204,2,1,150.60999765992162,5,1,1,7,Potential Loyalists,Low
14205,17,2,466.6999940872192,4,3,2,9,Potential Loyalists,Low
14206,239,1,328.1600036621095,1,1,2,4,Lost Customers,High
14208,95,1,151.7400005459787,2,1,1,4,Lost Customers,Medium
14209,11,6,2073.4299874305725,5,5,5,15,Champions,Low
14210,106,6,1905.8399724960325,2,5,4,11,Need Attention,Medium
14211,53,9,2241.0999947786327,3,5,5,13,Need Attention,Low
14212,90,1,1070.4800112247483,2,1,4,7,Lost Customers,Low
14214,31,5,1004.3799963891507,4,4,4,12,Need Attention,Low
14215,12,6,1789.7199928760526,5,5,4,14,Champions,Low
14216,3,4,1839.2999776601794,5,4,4,13,Champions,Low
14217,2,17,2004.9799852371214,5,5,4,14,Champions,Low
14218,43,1,169.47999835014335,3,1,1,5,Lost Customers,Low
14219,4,1,89.93999898433684,5,1,1,7,Potential Loyalists,Low
14220,247,2,632.3999977111816,1,3,3,7,Lost Customers,High
14221,42,9,3432.799985945225,3,5,5,13,Champions,Low
14222,177,1,683.169998049736,2,1,3,6,Lost Customers,Medium
14223,92,3,991.129988908768,2,3,4,9,Need Attention,Medium
14224,110,4,1009.7299937605859,2,4,4,10,Need Attention,Medium
14226,29,5,2214.7900036871442,4,4,5,13,Need Attention,Low
14227,26,10,3350.9599666595454,4,5,5,14,Champions,Low
14229,52,3,1547.1999917030332,3,3,4,10,Need Attention,Low
14231,184,3,925.7099955081939,1,3,3,7,Need Attention,High
14232,43,5,2048.0699806809425,3,4,4,11,Need Attention,Low
14233,49,4,1462.7199990749364,3,4,4,11,Need Attention,Low
14234,22,4,754.1199959218505,4,4,3,11,Need Attention,Low
14235,75,5,3144.86000469327,2,4,5,11,Need Attention,Low
14236,81,2,490.8599915504456,2,3,3,8,Lost Customers,Low
14237,373,1,161.0000014305115,1,1,1,3,Lost Customers,High
14238,326,1,146.8499989509582,1,1,1,3,Lost Customers,High
14239,43,11,2380.849972009658,3,5,5,13,Champions,Low
14240,30,2,890.3399906158447,4,3,3,10,Potential Loyalists,Low
14241,184,1,213.7000007629394,1,1,1,3,Lost Customers,High
14242,235,2,280.5500004291536,1,3,2,6,Lost Customers,High
14243,9,10,2588.7699737548824,5,5,5,15,Champions,Low
14245,220,2,1693.4499943256378,1,3,4,8,Need Attention,High
14246,111,3,1474.0599910020826,2,3,4,9,Need Attention,Medium
14247,278,1,136.7699996232987,1,1,1,3,Lost Customers,High
14248,318,1,302.5799996852875,1,1,2,4,Lost Customers,High
14250,7,3,1904.0499767959113,5,3,4,12,Potential Loyalists,Low
14251,2,5,2879.6999735832196,5,4,5,14,Champions,Low
14256,260,2,969.059995174408,1,3,4,8,Lost Customers,High
14257,64,5,3099.71997103095,3,4,5,12,Need Attention,Low
14258,9,9,12669.979805707933,5,5,5,15,Champions,Low
14259,142,1,119.9999983310699,2,1,1,4,Lost Customers,Medium
14261,51,2,1163.4500000476837,3,3,4,10,Need Attention,Low
14262,8,8,2618.2299945950513,5,5,5,15,Champions,Low
14264,155,2,333.9699940681458,2,3,2,7,Lost Customers,Medium
14265,109,2,530.1799972057347,2,3,3,8,Lost Customers,Medium
14267,163,3,1516.239989519119,2,3,4,9,Need Attention,Medium
14270,332,1,492.6499972343443,1,1,3,5,Lost Customers,High
14271,226,1,112.31999862194067,1,1,1,3,Lost Customers,High
14272,74,2,437.9599969089033,2,3,2,7,Lost Customers,Low
14273,51,4,559.9699836969368,3,4,3,10,Need Attention,Low
14276,99,3,1119.7399978637693,2,3,4,9,Need Attention,Medium
14277,15,3,4188.000005155801,4,3,5,12,Need Attention,Low
14280,197,1,134.03999745845795,1,1,1,3,Lost Customers,High
14282,3,15,3701.4399521648875,5,5,5,15,Champions,Low
14284,31,2,595.2499971389769,4,3,3,10,Potential Loyalists,Low
14285,21,4,1910.0099859237657,4,4,4,12,Need Attention,Low
14286,24,3,4628.749976068737,4,3,5,12,Need Attention,Low
14287,8,3,176.6299990415573,5,3,1,9,Potential Loyalists,Low
14288,213,1,426.6000022888184,1,1,2,4,Lost Customers,High
14289,9,6,911.2599899768832,5,5,3,13,Potential Loyalists,Low
14290,11,5,2314.6499903798103,5,4,5,14,Champions,Low
14291,2,11,3883.249952197075,5,5,5,15,Champions,Low
14292,8,9,4871.929902553558,5,5,5,15,Champions,Low
14293,3,4,1046.5599832236767,5,4,4,13,Potential Loyalists,Low
14295,40,1,166.1999931335448,3,1,1,5,Lost Customers,Low
14297,18,4,1305.330002069473,4,4,4,12,Need Attention,Low
14298,8,44,51527.29972089827,5,5,5,15,Champions,Low
14299,8,9,3965.61997938156,5,5,5,15,Champions,Low
14300,19,1,43.1999998092651,4,1,1,6,Potential Loyalists,Low
14301,117,1,640.139994621277,2,1,3,6,Lost Customers,Medium
14304,223,1,383.44999408721907,1,1,2,4,Lost Customers,High
14305,71,3,1858.9600003957746,3,3,4,10,Need Attention,Low
14306,51,2,2093.3199618160706,3,3,5,11,Need Attention,Low
14307,89,6,2995.7199893593793,2,5,5,12,Need Attention,Low
14309,8,9,2352.5299975275993,5,5,5,15,Champions,Low
14311,243,1,310.2599983215332,1,1,2,4,Lost Customers,High
14312,47,6,1611.5899913311007,3,5,4,12,Need Attention,Low
14314,107,1,120.00000035762787,2,1,1,4,Lost Customers,Medium
14315,45,6,2481.1299760341635,3,5,5,13,Need Attention,Low
14317,65,1,508.5799994468688,3,1,3,7,Lost Customers,Low
14320,207,2,477.78999912738806,1,3,2,6,Lost Customers,High
14321,11,5,1530.7499835491183,5,4,4,13,Need Attention,Low
14323,115,2,605.0600012540816,2,3,3,8,Lost Customers,Medium
14326,242,1,183.8499975204467,1,1,1,3,Lost Customers,High
14327,163,1,311.6500010490418,2,1,2,5,Lost Customers,Medium
14329,17,7,4975.239961385726,4,5,5,14,Champions,Low
14331,124,2,462.6599974632263,2,3,2,7,Lost Customers,Medium
14332,23,3,840.2099934220311,4,3,3,10,Potential Loyalists,Low
14333,68,1,415.2000002861022,3,1,2,6,Lost Customers,Low
14334,17,8,2552.2099876999855,4,5,5,14,Champions,Low
14335,16,2,454.85999536514316,4,3,2,9,Potential Loyalists,Low
14336,17,4,1614.909990668297,4,4,4,12,Need Attention,Low
14338,161,2,588.2199982702732,2,3,3,8,Lost Customers,Medium
14339,243,1,309.51999640464777,1,1,2,4,Lost Customers,High
14340,219,1,134.7000002861023,1,1,1,3,Lost Customers,High
14341,45,8,2166.9799699485293,3,5,5,13,Need Attention,Low
14342,21,4,668.5600062310693,4,4,3,11,Potential Loyalists,Low
14344,127,8,889.930002629757,2,5,3,10,Need Attention,Medium
14345,39,1,108.97999811172483,3,1,1,5,Lost Customers,Low
14346,121,2,1021.5799906253811,2,3,4,9,Need Attention,Medium
14348,260,1,409.56999921798706,1,1,2,4,Lost Customers,High
14349,10,1,133.49999928474426,5,1,1,7,Potential Loyalists,Low
14350,274,1,282.9299993515014,1,1,2,4,Lost Customers,High
14351,165,1,51.0,2,1,1,4,Lost Customers,Medium
14352,157,4,1078.9600027799609,2,4,4,10,Need Attention,Medium
14353,215,1,90.60000061988835,1,1,1,3,Lost Customers,High
14354,6,2,163.62000060081482,5,3,1,9,Potential Loyalists,Low
14355,366,1,174.4000000953675,1,1,1,3,Lost Customers,High
14356,80,2,701.2299973964691,2,3,3,8,Need Attention,Low
14357,43,1,225.11999922990802,3,1,1,5,Lost Customers,Low
14359,19,3,912.1800012588502,4,3,3,10,Potential Loyalists,Low
14360,32,4,2118.029990434646,4,4,5,13,Need Attention,Low
14362,22,1,151.49999934434888,4,1,1,6,Potential Loyalists,Low
14364,109,8,3717.3499404191994,2,5,5,12,Need Attention,Medium
14367,8,16,9227.819860950109,5,5,5,15,Champions,Low
14368,320,1,154.9999985694886,1,1,1,3,Lost Customers,High
14371,295,1,100.4999985694885,1,1,1,3,Lost Customers,High
14373,358,1,76.55000066757209,1,1,1,3,Lost Customers,High
14375,185,1,235.56000027060514,1,1,1,3,Lost Customers,High
14377,191,2,617.0499973297118,1,3,3,7,Lost Customers,High
14379,44,2,348.09999698400503,3,3,2,8,Potential Loyalists,Low
14381,52,1,202.6800009012222,3,1,1,5,Lost Customers,Low
14382,26,1,615.489990800619,4,1,3,8,Potential Loyalists,Low
14383,38,3,1247.689993053675,3,3,4,10,Need Attention,Low
14385,9,3,202.1099970340727,5,3,1,9,Potential Loyalists,Low
14386,297,1,142.4000000953674,1,1,1,3,Lost Customers,High
14387,33,3,1727.5999814867976,3,3,4,10,Need Attention,Low
14388,10,8,3212.839959174393,5,5,5,15,Champions,Low
14389,65,2,1043.45998764038,3,3,4,10,Need Attention,Low
14390,10,9,4642.5699740052205,5,5,5,15,Champions,Low
14393,218,1,67.95000076293945,1,1,1,3,Lost Customers,High
14395,2,9,3479.9099412113424,5,5,5,15,Champions,Low
14396,65,2,487.989996433258,3,3,3,9,Lost Customers,Low
14397,3,19,2612.9600081443796,5,5,5,15,Champions,Low
14400,149,1,574.699989080429,2,1,3,6,Lost Customers,Medium
14401,4,13,4051.4799605607996,5,5,5,15,Champions,Low
14403,130,4,1475.8099831342695,2,4,4,10,Need Attention,Medium
14404,34,6,1449.3199906200168,3,5,4,12,Need Attention,Low
14406,119,1,156.7499988079071,2,1,1,4,Lost Customers,Medium
14407,107,6,2157.730006724597,2,5,5,12,Need Attention,Medium
14408,11,7,2599.0299574732776,5,5,5,15,Champions,Low
14409,71,6,2059.44997420907,3,5,5,13,Need Attention,Low
14410,92,9,1100.2699863165617,2,5,4,11,Need Attention,Medium
14411,311,1,1062.999986648559,1,1,4,6,Lost Customers,High
14412,43,2,770.0300011634827,3,3,3,9,Need Attention,Low
14413,362,1,121.05000001192096,1,1,1,3,Lost Customers,High
14414,92,7,1496.9799918830392,2,5,4,11,Need Attention,Medium
14415,1,13,5855.569934189318,5,5,5,15,Champions,Low
14416,22,2,490.2199931144712,4,3,3,10,Potential Loyalists,Low
14418,4,3,1937.249998241663,5,3,4,12,Potential Loyalists,Low
14419,11,6,1051.7899938821793,5,5,4,14,Need Attention,Low
14420,99,1,387.5199980735779,2,1,2,5,Lost Customers,Medium
14421,57,2,813.1099838018417,3,3,3,9,Need Attention,Low
14422,1,6,4263.639958679676,5,5,5,15,Champions,Low
14423,218,1,265.1999959945677,1,1,2,4,Lost Customers,High
14424,18,1,322.080001831055,4,1,2,7,Potential Loyalists,Low
14426,24,10,4481.669972538947,4,5,5,14,Champions,Low
14427,50,2,363.3400014638899,3,3,2,8,Lost Customers,Low
14428,7,5,1224.0599853992462,5,4,4,13,Potential Loyalists,Low
14431,303,1,470.35999536514277,1,1,2,4,Lost Customers,High
14432,10,6,2248.4999892264605,5,5,5,15,Champions,Low
14434,22,6,1372.8000144958498,4,5,4,13,Need Attention,Low
14436,99,1,89.05999898910525,2,1,1,4,Lost Customers,Medium
14437,366,1,63.0000014305115,1,1,1,3,Lost Customers,High
14438,306,1,131.90000271797203,1,1,1,3,Lost Customers,High
14439,320,1,2661.239974498749,1,1,5,7,Need Attention,High
14440,8,5,2357.6799829006195,5,4,5,14,Champions,Low
14441,1,4,1712.8899664878838,5,4,4,13,Champions,Low
14442,205,2,1589.8199877142906,1,3,4,8,Need Attention,High
14443,54,4,1420.1999977231026,3,4,4,11,Need Attention,Low
14446,1,4,1010.3499972820284,5,4,4,13,Potential Loyalists,Low
14447,19,5,1163.2300038337705,4,4,4,12,Need Attention,Low
14448,9,2,375.34999239444784,5,3,2,10,Potential Loyalists,Low
14449,19,4,885.7999984323978,4,4,3,11,Need Attention,Low
14450,181,3,483.2499937713145,1,3,2,6,Lost Customers,High
14451,60,2,643.8999968469145,3,3,3,9,Need Attention,Low
14452,11,2,259.0499995350838,5,3,2,10,Potential Loyalists,Low
14453,190,1,119.92999950051313,1,1,1,3,Lost Customers,High
14456,5,9,3017.279961571098,5,5,5,15,Champions,Low
14457,311,1,113.63999831676485,1,1,1,3,Lost Customers,High
14459,155,1,1837.9199976921082,2,1,4,7,Need Attention,Medium
14460,110,3,434.3399939835072,2,3,2,7,Lost Customers,Medium
14461,148,3,2103.059993803501,2,3,5,10,Need Attention,Medium
14462,66,11,1980.5699875131254,3,5,4,12,Need Attention,Low
14463,98,3,529.6199865341184,2,3,3,8,Need Attention,Medium
14465,247,3,1038.4399736523624,1,3,4,8,Need Attention,High
14466,29,7,2272.399998664856,4,5,5,14,Need Attention,Low
14467,18,4,596.2599998712541,4,4,3,11,Potential Loyalists,Low
14470,12,2,461.1899989247322,5,3,2,10,Potential Loyalists,Low
14472,104,8,1852.6699876189239,2,5,4,11,Need Attention,Medium
14473,74,2,234.3399977684021,2,3,1,6,Lost Customers,Low
14474,46,1,547.6599979400636,3,1,3,7,Lost Customers,Low
14475,72,3,925.8499894142153,2,3,3,8,Need Attention,Low
14476,257,1,193.00000011920932,1,1,1,3,Lost Customers,High
14477,20,4,1309.5999693870556,4,4,4,12,Need Attention,Low
14479,254,2,316.2500007152559,1,3,2,6,Lost Customers,High
14480,11,1,279.049994945526,5,1,2,8,Potential Loyalists,Low
14481,165,2,636.5100032091141,2,3,3,8,Lost Customers,Medium
14482,18,6,2022.8099694401028,4,5,4,13,Need Attention,Low
14483,282,1,137.0999990999699,1,1,1,3,Lost Customers,High
14484,50,1,321.9200004339218,3,1,2,6,Lost Customers,Low
14485,39,1,162.7999988794327,3,1,1,5,Lost Customers,Low
14487,27,6,1165.4799991548061,4,5,4,13,Need Attention,Low
14488,68,1,1064.2799896299841,3,1,4,8,Lost Customers,Low
14489,207,1,463.3799934387202,1,1,2,4,Lost Customers,High
14491,175,2,340.9299986362458,2,3,2,7,Lost Customers,Medium
14493,7,5,2383.2399939298625,5,4,5,14,Champions,Low
14494,26,1,139.56000065803528,4,1,1,6,Potential Loyalists,Low
14495,51,2,123.79999589920021,3,3,1,7,Lost Customers,Low
14496,312,2,538.8100028038023,1,3,3,7,Lost Customers,High
14497,309,1,475.3699963092805,1,1,2,4,Lost Customers,High
14498,43,5,1957.3199799954891,3,4,4,11,Need Attention,Low
14499,26,3,808.4399945437909,4,3,3,10,Need Attention,Low
14500,88,3,356.8499956130981,2,3,2,7,Lost Customers,Low
14501,184,2,251.2100026607513,1,3,2,6,Lost Customers,High
14502,20,11,2429.8299878239636,4,5,5,14,Champions,Low
14503,3,6,3543.259964704513,5,5,5,15,Champions,Low
14504,47,4,673.2599954605106,3,4,3,10,Need Attention,Low
14505,17,8,5859.429968118668,4,5,5,14,Champions,Low
14506,17,5,1960.6499888300896,4,4,4,12,Need Attention,Low
14507,24,6,1367.8799898326404,4,5,4,13,Need Attention,Low
14508,22,2,268.0499975979328,4,3,2,9,Potential Loyalists,Low
14511,11,5,1314.8100056648254,5,4,4,13,Need Attention,Low
14512,188,2,275.28000092506414,1,3,2,6,Lost Customers,High
14513,101,3,455.5899968147274,2,3,2,7,Lost Customers,Medium
14514,61,3,990.1999956071377,3,3,4,10,Need Attention,Low
14515,18,6,2076.88998144865,4,5,5,14,Need Attention,Low
14517,33,2,330.4499969482422,3,3,2,8,Potential Loyalists,Low
14518,64,1,174.36999964714056,3,1,1,5,Lost Customers,Low
14520,2,2,270.5999956130979,5,3,2,10,Potential Loyalists,Low
14522,24,4,974.5399987399578,4,4,4,12,Need Attention,Low
14523,108,1,241.08999708294868,2,1,1,4,Lost Customers,Medium
14524,32,9,1843.8299863934517,4,5,4,13,Need Attention,Low
14525,20,9,4215.899976551534,4,5,5,14,Champions,Low
14527,3,55,8507.129914760591,5,5,5,15,Champions,Low
14528,37,1,364.22000303864485,3,1,2,6,Potential Loyalists,Low
14529,60,3,578.6099954918027,3,3,3,9,Need Attention,Low
14530,26,6,2862.1099946200848,4,5,5,14,Need Attention,Low
14532,236,4,932.8499835878617,1,4,3,8,Need Attention,High
14533,25,7,1949.7199882566931,4,5,4,13,Need Attention,Low
14534,3,18,4397.299960255623,5,5,5,15,Champions,Low
14535,60,3,2854.839979052544,3,3,5,11,Need Attention,Low
14536,260,1,170.94999849796295,1,1,1,3,Lost Customers,High
14537,58,1,355.56000423431396,3,1,2,6,Lost Customers,Low
14538,65,2,388.2500021457672,3,3,2,8,Lost Customers,Low
14539,16,2,537.4799965620042,4,3,3,10,Potential Loyalists,Low
14540,10,3,952.6599957346915,5,3,4,12,Potential Loyalists,Low
14541,59,8,1453.3500065803532,3,5,4,12,Need Attention,Low
14542,186,1,103.249997138977,1,1,1,3,Lost Customers,High
14543,29,16,3599.7299821376796,4,5,5,14,Champions,Low
14544,24,2,2004.2999761998651,4,3,4,11,Need Attention,Low
14546,5,5,2573.929985076189,5,4,5,14,Champions,Low
14547,4,8,3974.7499613463874,5,5,5,15,Champions,Low
14548,151,2,652.7999877929682,2,3,3,8,Lost Customers,Medium
14549,311,1,289.23999875783926,1,1,2,4,Lost Customers,High
14550,11,2,757.3700051605701,5,3,3,11,Potential Loyalists,Low
14551,18,2,186.2299996614457,4,3,1,8,Potential Loyalists,Low
14552,152,1,164.2200010418892,2,1,1,4,Lost Customers,Medium
14553,19,5,859.269995391369,4,4,3,11,Need Attention,Low
14554,10,4,2279.4899891018867,5,4,5,14,Need Attention,Low
14555,57,2,312.54000306129456,3,3,2,8,Lost Customers,Low
14557,85,1,788.3799941539761,2,1,3,6,Lost Customers,Low
14560,7,22,2237.7699925005445,5,5,5,15,Champions,Low
14561,76,3,1080.7599945068362,2,3,4,9,Need Attention,Low
14562,4,18,5006.769943714142,5,5,5,15,Champions,Low
14565,96,4,3099.1199802160263,2,4,5,11,Need Attention,Medium
14566,111,1,1431.99996948242,2,1,4,7,Lost Customers,Medium
14567,57,2,1530.359986305237,3,3,4,10,Need Attention,Low
14569,1,1,227.3899987936023,5,1,1,7,Potential Loyalists,Low
14570,281,2,218.05999588966378,1,3,1,5,Lost Customers,High
14572,3,7,2804.5399727523327,5,5,5,15,Champions,Low
14573,180,9,1639.819988846779,1,5,4,10,Need Attention,Medium
14576,372,1,35.4000005722046,1,1,1,3,Lost Customers,High
14577,13,4,859.709985435009,5,4,3,12,Potential Loyalists,Low
14578,3,1,168.62999665737152,5,1,1,7,Potential Loyalists,Low
14581,17,1,138.59999850392342,4,1,1,6,Potential Loyalists,Low
14582,41,1,114.10999977588654,3,1,1,5,Lost Customers,Low
14583,6,5,986.9599964097143,5,4,4,13,Potential Loyalists,Low
14584,169,4,1033.05998814106,2,4,4,10,Need Attention,Medium
14585,50,1,157.04999911785123,3,1,1,5,Lost Customers,Low
14586,277,1,237.35999804735195,1,1,1,3,Lost Customers,High
14587,19,9,1580.289994120598,4,5,4,13,Champions,Low
14589,372,1,39.74999904632574,1,1,1,3,Lost Customers,High
14591,15,4,1320.2099894359706,4,4,4,12,Need Attention,Low
14592,35,3,557.939997702837,3,3,3,9,Potential Loyalists,Low
14593,22,3,617.1499945595859,4,3,3,10,Potential Loyalists,Low
14594,7,2,363.32999992370605,5,3,2,10,Potential Loyalists,Low
14595,20,6,1740.599992036819,4,5,4,13,Need Attention,Low
14597,11,2,866.2399927526711,5,3,3,11,Potential Loyalists,Low
14598,44,1,221.96999743580815,3,1,1,5,Lost Customers,Low
14600,306,1,393.3299946784974,1,1,2,4,Lost Customers,High
14601,11,1,213.95999908447268,5,1,1,7,Potential Loyalists,Low
14603,275,1,659.9999904632571,1,1,3,5,Lost Customers,High
14606,1,93,12076.149901658298,5,5,5,15,Champions,Low
14607,16,14,16209.499864101415,4,5,5,14,Champions,Low
14608,4,4,1785.150001525879,5,4,4,13,Champions,Low
14609,72,4,601.559985212981,2,4,3,9,Need Attention,Low
14616,243,3,406.0799844264985,1,3,2,6,Lost Customers,High
14618,9,3,553.4400000572205,5,3,3,11,Potential Loyalists,Low
14619,246,1,394.4399979114533,1,1,2,4,Lost Customers,High
14620,206,2,412.7799966931343,1,3,2,6,Lost Customers,High
14621,1,5,1788.3599835634227,5,4,4,13,Champions,Low
14622,185,1,320.57999563217163,1,1,2,4,Lost Customers,High
14623,32,5,886.6999832093717,4,4,3,11,Need Attention,Low
14624,57,2,225.8499998152256,3,3,1,7,Lost Customers,Low
14625,196,2,899.6299989223481,1,3,3,7,Lost Customers,High
14626,24,4,2791.269973754882,4,4,5,13,Need Attention,Low
14628,91,2,671.9599982500077,2,3,3,8,Lost Customers,Medium
14629,4,2,955.2599883675578,5,3,4,12,Potential Loyalists,Low
14631,51,3,1006.9799906015387,3,3,4,10,Need Attention,Low
14632,263,1,114.55999994277963,1,1,1,3,Lost Customers,High
14633,266,1,344.899996995926,1,1,2,4,Lost Customers,High
14636,36,2,609.8500018119813,3,3,3,9,Potential Loyalists,Low
14638,51,1,443.60000324249256,3,1,2,6,Lost Customers,Low
14639,52,6,2984.4899945259094,3,5,5,13,Need Attention,Low
14640,24,6,2107.3799897432323,4,5,5,14,Need Attention,Low
14641,22,1,110.4599997997284,4,1,1,6,Potential Loyalists,Low
14642,59,1,96.1199951171875,3,1,1,5,Lost Customers,Low
14643,170,2,693.8099839687349,2,3,3,8,Lost Customers,Medium
14644,68,2,830.7599945068356,3,3,3,9,Need Attention,Low
14645,157,2,597.0899977684019,2,3,3,8,Lost Customers,Medium
14646,2,73,280206.01943632966,5,5,5,15,Champions,Low
14647,201,1,236.0399957895279,1,1,1,3,Lost Customers,High
14649,5,4,1402.589989170432,5,4,4,13,Potential Loyalists,Low
14651,67,2,653.7499999701977,3,3,3,9,Need Attention,Low
14652,77,1,114.17999893426897,2,1,1,4,Lost Customers,Low
14653,1,7,1926.6499790549278,5,5,4,14,Champions,Low
14655,8,4,1932.2299506664283,5,4,4,13,Need Attention,Low
14656,169,2,291.04999905824667,2,3,2,7,Lost Customers,Medium
14657,18,4,848.2199982404709,4,4,3,11,Need Attention,Low
14658,5,2,247.14999788999557,5,3,1,9,Potential Loyalists,Low
14659,9,9,2529.9299779534344,5,5,5,15,Champions,Low
14660,87,2,285.7400032877922,2,3,2,7,Lost Customers,Low
14661,27,1,107.94999754428855,4,1,1,6,Potential Loyalists,Low
14662,29,4,741.3699920177463,4,4,3,11,Need Attention,Low
14664,20,2,636.2399964034558,4,3,3,10,Potential Loyalists,Low
14665,61,5,1835.6999870538712,3,4,4,11,Need Attention,Low
14666,24,1,195.24999895691874,4,1,1,6,Potential Loyalists,Low
14667,11,25,9175.039922624828,5,5,5,15,Champions,Low
14669,242,3,1259.2399979829793,1,3,4,8,Need Attention,High
14670,280,2,392.8599985241891,1,3,2,6,Lost Customers,High
14672,235,2,765.5499938726426,1,3,3,7,Lost Customers,High
14673,3,5,1736.3999805450437,5,4,4,13,Champions,Low
14675,16,1,596.359999269247,4,1,3,8,Potential Loyalists,Low
14676,31,6,2548.2399636507034,4,5,5,14,Need Attention,Low
14680,25,16,28754.109913706798,4,5,5,14,Champions,Low
14681,71,3,498.94999980926514,3,3,3,9,Need Attention,Low
14682,188,2,51.999998092651296,1,3,1,5,Lost Customers,High
14684,26,5,1201.5099907815456,4,4,4,12,Need Attention,Low
14687,107,1,628.3799982070924,2,1,3,6,Lost Customers,Medium
14688,8,21,5579.099956408143,5,5,5,15,Champions,Low
14689,209,1,112.80000030994415,1,1,1,3,Lost Customers,High
14690,44,2,355.0499976277351,3,3,2,8,Potential Loyalists,Low
14691,31,5,2114.329982757568,4,4,5,13,Need Attention,Low
14692,137,4,591.5499997735025,2,4,3,9,Need Attention,Medium
14693,265,1,172.9000006914139,1,1,1,3,Lost Customers,High
14696,4,7,2078.9499898403883,5,5,5,15,Champions,Low
14697,218,2,188.6099979430437,1,3,1,5,Lost Customers,High
14698,2,5,1217.2699969112875,5,4,4,13,Champions,Low
14699,214,1,109.1299986839294,1,1,1,3,Lost Customers,High
14700,32,3,2195.0999969244,4,3,5,12,Need Attention,Low
14701,11,9,2526.089996635914,5,5,5,15,Champions,Low
14702,1,17,3251.789992094041,5,5,5,15,Champions,Low
14703,15,1,318.16999936103815,4,1,2,7,Potential Loyalists,Low
14704,11,9,1493.9599893689158,5,5,4,14,Champions,Low
14705,199,1,178.999996185303,1,1,1,3,Lost Customers,High
14708,3,3,1126.3700019717219,5,3,4,12,Potential Loyalists,Low
14709,15,13,4921.039886474608,4,5,5,14,Champions,Low
14710,14,4,599.4800000414253,4,4,3,11,Potential Loyalists,Low
14711,10,11,2839.6199936270714,5,5,5,15,Champions,Low
14712,29,3,917.0699920654296,4,3,3,10,Need Attention,Low
14713,9,11,2662.1999705135822,5,5,5,15,Champions,Low
14714,24,1,160.1899973154068,4,1,1,6,Potential Loyalists,Low
14715,25,4,867.379993155599,4,4,3,11,Need Attention,Low
14716,43,2,307.5099962353706,3,3,2,8,Potential Loyalists,Low
14719,2,5,1581.8399893045428,5,4,4,13,Champions,Low
14720,6,3,663.8099935054779,5,3,3,11,Potential Loyalists,Low
14722,147,1,180.4199990034103,2,1,1,4,Lost Customers,Medium
14723,10,6,1122.3599944189193,5,5,4,14,Champions,Low
14725,25,1,655.5799967646599,4,1,3,8,Potential Loyalists,Low
14727,274,1,268.5800065994264,1,1,2,4,Lost Customers,High
14729,374,1,313.48999708890904,1,1,2,4,Lost Customers,High
14730,1,8,1897.569990139455,5,5,4,14,Champions,Low
14731,47,3,380.01999837160105,3,3,2,8,Potential Loyalists,Low
14732,8,8,2702.489983439445,5,5,5,15,Champions,Low
14733,16,12,9585.909919261929,4,5,5,14,Champions,Low
14735,4,32,6065.689969062803,5,5,5,15,Champions,Low
14737,4,3,1164.5499932765952,5,3,4,12,Potential Loyalists,Low
14738,43,7,1314.4499832391737,3,5,4,12,Need Attention,Low
14739,4,7,3902.279957652088,5,5,5,15,Champions,Low
14740,197,3,1448.209998846054,1,3,4,8,Need Attention,High
14741,12,6,1400.3399936854842,5,5,4,14,Champions,Low
14744,16,7,1099.9800108075153,4,5,4,13,Need Attention,Low
14745,113,5,1220.2599949836729,2,4,4,10,Need Attention,Medium
14747,249,1,328.19999814033514,1,1,2,4,Lost Customers,High
14748,29,5,1415.7499914765353,4,4,4,12,Need Attention,Low
14752,44,1,389.6400060653685,3,1,2,6,Lost Customers,Low
14753,87,1,563.1499955654142,2,1,3,6,Lost Customers,Low
14754,45,2,638.0499989688398,3,3,3,9,Potential Loyalists,Low
14755,10,11,5010.279966086149,5,5,5,15,Champions,Low
14756,15,1,738.9599952101709,4,1,3,8,Potential Loyalists,Low
14757,75,1,420.50000190734846,2,1,2,5,Lost Customers,Low
14758,145,4,1484.059984356165,2,4,4,10,Need Attention,Medium
14759,5,3,1625.9699855446815,5,3,4,12,Potential Loyalists,Low
14760,297,1,89.19999980926511,1,1,1,3,Lost Customers,High
14761,59,2,255.9000005722046,3,3,2,8,Lost Customers,Low
14762,264,1,300.5199957787991,1,1,2,4,Lost Customers,High
14764,47,1,278.299998998642,3,1,2,6,Lost Customers,Low
14765,29,3,254.10999700427058,4,3,2,9,Potential Loyalists,Low
14766,8,6,2473.369997620582,5,5,5,15,Champions,Low
14768,17,2,192.59999799728388,4,3,1,8,Potential Loyalists,Low
14769,3,8,10416.979937762024,5,5,5,15,Champions,Low
14770,232,2,876.4200004339218,1,3,3,7,Lost Customers,High
14772,112,1,139.2599992752076,2,1,1,4,Lost Customers,Medium
14775,58,3,1011.8999845981598,3,3,4,10,Need Attention,Low
14776,51,11,2538.299996376038,3,5,5,13,Champions,Low
14778,127,2,730.8599981069565,2,3,3,8,Lost Customers,Medium
14779,281,3,386.15000170469307,1,3,2,6,Lost Customers,High
14780,55,2,447.68000090122223,3,3,2,8,Lost Customers,Low
14782,320,1,200.0999989509582,1,1,1,3,Lost Customers,High
14784,26,2,289.99000024795544,4,3,2,9,Potential Loyalists,Low
14785,10,2,77.40000128746037,5,3,1,9,Potential Loyalists,Low
14788,7,2,679.4399904906753,5,3,3,11,Potential Loyalists,Low
14789,29,1,197.6400005817414,4,1,1,6,Potential Loyalists,Low
14790,17,4,745.0599943697453,4,4,3,11,Potential Loyalists,Low
14792,64,1,6.20000004768372,3,1,1,5,Lost Customers,Low
14793,21,1,228.9899967908857,4,1,1,6,Potential Loyalists,Low
14794,3,7,1319.9099933877587,5,5,4,14,Champions,Low
14795,166,1,131.4499969482421,2,1,1,4,Lost Customers,Medium
14796,1,17,7975.489920996129,5,5,5,15,Champions,Low
14798,53,3,173.73999905586246,3,3,1,7,Lost Customers,Low
14799,51,1,157.69999945163727,3,1,1,5,Lost Customers,Low
14800,48,12,4331.789969474078,3,5,5,13,Champions,Low
14801,61,1,189.33999769389635,3,1,1,5,Lost Customers,Low
14803,162,3,845.549989223481,2,3,3,8,Need Attention,Medium
14804,9,1,353.269998550415,5,1,2,8,Potential Loyalists,Low
14805,15,4,546.3999955654143,4,4,3,11,Potential Loyalists,Low
14806,75,1,193.38999435305595,2,1,1,4,Lost Customers,Low
14808,40,8,2718.5999895781283,3,5,5,13,Need Attention,Low
14810,41,11,2085.3299847841263,3,5,5,13,Champions,Low
14813,370,2,152.87999635934827,1,3,1,5,Lost Customers,High
14815,37,2,778.4999954700469,3,3,3,9,Potential Loyalists,Low
14816,197,1,271.8499994277954,1,1,2,4,Lost Customers,High
14817,200,2,1110.340000450611,1,3,4,8,Need Attention,High
14818,74,3,657.7999945282936,2,3,3,8,Need Attention,Low
14819,64,2,272.0699987411498,3,3,2,8,Lost Customers,Low
14820,21,4,507.2900000810624,4,4,3,11,Potential Loyalists,Low
14821,367,1,48.799999237060504,1,1,1,3,Lost Customers,High
14823,180,3,321.4299976229668,1,3,2,6,Lost Customers,Medium
14824,10,4,1127.709969043731,5,4,4,13,Potential Loyalists,Low
14825,4,12,2221.0099787116037,5,5,5,15,Champions,Low
14828,197,3,2139.760020494462,1,3,5,9,Need Attention,High
14829,29,4,697.5499982833862,4,4,3,11,Need Attention,Low
14830,53,1,188.87999716401103,3,1,1,5,Lost Customers,Low
14834,18,6,1720.2999944686887,4,5,4,13,Need Attention,Low
14836,10,3,102.4500002861023,5,3,1,9,Potential Loyalists,Low
14837,90,4,1649.4999951124191,2,4,4,10,Need Attention,Low
14840,268,1,62.849999427795396,1,1,1,3,Lost Customers,High
14841,53,6,3295.759965240955,3,5,5,13,Need Attention,Low
14842,44,4,2824.6899845600124,3,4,5,12,Need Attention,Low
14844,64,4,3189.8099483251576,3,4,5,12,Need Attention,Low
14847,149,1,309.3999986648558,2,1,2,5,Lost Customers,Medium
14849,22,25,7930.540001094341,4,5,5,14,Champions,Low
14850,312,1,325.75000214576727,1,1,2,4,Lost Customers,High
14851,23,2,511.34999489784246,4,3,3,10,Potential Loyalists,Low
14852,58,6,2836.690004825592,3,5,5,13,Need Attention,Low
14853,24,2,475.79999327659567,4,3,2,9,Potential Loyalists,Low
14854,78,7,2740.0299785435177,2,5,5,12,Need Attention,Low
14855,119,2,645.6500008106232,2,3,3,8,Lost Customers,Medium
14856,36,3,1290.5299817323682,3,3,4,10,Need Attention,Low
14857,60,2,1173.1199880838394,3,3,4,10,Need Attention,Low
14859,13,4,1353.7399698793884,5,4,4,13,Need Attention,Low
14860,19,1,170.32000184059137,4,1,1,6,Potential Loyalists,Low
14861,52,1,125.78999698162077,3,1,1,5,Lost Customers,Low
14862,26,2,841.1999995708466,4,3,3,10,Potential Loyalists,Low
14863,29,1,266.7600030899048,4,1,2,7,Potential Loyalists,Low
14865,7,2,52.19999957084658,5,3,1,9,Potential Loyalists,Low
14866,11,12,14389.899919345977,5,5,5,15,Champions,Low
14867,186,3,710.2799952030181,1,3,3,7,Need Attention,High
14868,3,8,2953.589969873428,5,5,5,15,Champions,Low
14869,9,2,721.4499922692778,5,3,3,11,Potential Loyalists,Low
14870,262,1,327.2499976158142,1,1,2,4,Lost Customers,High
14871,3,4,501.2799929976464,5,4,3,12,Potential Loyalists,Low
14873,210,1,519.6799974441528,1,1,3,5,Lost Customers,High
14875,108,2,1465.3199927806859,2,3,4,9,Need Attention,Medium
14878,13,9,1476.0899923741817,5,5,4,14,Champions,Low
14880,77,3,690.5899972915648,2,3,3,8,Need Attention,Low
14881,20,1,255.3999984264372,4,1,2,7,Potential Loyalists,Low
14882,27,2,589.699998855591,4,3,3,10,Potential Loyalists,Low
14883,19,6,761.5899969339367,4,5,3,12,Need Attention,Low
14885,132,1,765.3200006484983,2,1,3,6,Lost Customers,Medium
14886,253,1,364.7999968528746,1,1,2,4,Lost Customers,High
14887,79,1,1861.999964714048,2,1,4,7,Need Attention,Low
14888,207,1,369.2000024318697,1,1,2,4,Lost Customers,High
14889,336,1,135.8999984264373,1,1,1,3,Lost Customers,High
14890,254,1,125.6500008106232,1,1,1,3,Lost Customers,High
14891,148,2,554.379991292953,2,3,3,8,Lost Customers,Medium
14893,10,2,1237.8499804586168,5,3,4,12,Potential Loyalists,Low
14894,85,1,655.7499926090242,2,1,3,6,Lost Customers,Low
14895,8,20,11138.709933131933,5,5,5,15,Champions,Low
14896,205,2,468.7699946761131,1,3,2,6,Lost Customers,High
14897,8,4,1366.3799841403961,5,4,4,13,Potential Loyalists,Low
14898,23,6,1269.3099917769434,4,5,4,13,Need Attention,Low
14901,11,9,1421.289990544319,5,5,4,14,Champions,Low
14902,26,1,332.6600015163419,4,1,2,7,Potential Loyalists,Low
14903,21,5,2795.3299896419053,4,4,5,13,Need Attention,Low
14904,2,2,1025.4399859458208,5,3,4,12,Potential Loyalists,Low
14905,158,2,616.1499910354614,2,3,3,8,Lost Customers,Medium
14907,3,7,3501.099975824356,5,5,5,15,Champions,Low
14908,74,1,277.7999982833863,2,1,2,5,Lost Customers,Low
14910,3,4,434.34999537467934,5,4,2,11,Potential Loyalists,Low
14911,1,201,143711.16934538633,5,5,5,15,Champions,Low
14912,17,2,867.8500037193298,4,3,3,10,Potential Loyalists,Low
14913,36,4,1227.429994672537,3,4,4,11,Need Attention,Low
14915,91,2,307.479995727539,2,3,2,7,Lost Customers,Medium
14916,71,4,1268.9799893498416,3,4,4,11,Need Attention,Low
14918,116,2,1610.1499817371366,2,3,4,9,Need Attention,Medium
14920,213,2,977.7699921131134,1,3,4,8,Lost Customers,High
14921,30,2,1316.0699933171272,4,3,4,11,Need Attention,Low
14923,51,1,749.0999987125394,3,1,3,7,Lost Customers,Low
14924,246,1,310.050000667572,1,1,2,4,Lost Customers,High
14929,32,1,223.88000011444092,4,1,1,6,Potential Loyalists,Low
14930,109,3,2362.9599901139736,2,3,5,10,Need Attention,Medium
14931,5,5,1257.6799926757812,5,4,4,13,Champions,Low
14932,366,1,363.5299949645998,1,1,2,4,Lost Customers,High
14934,82,2,1890.9399879574776,2,3,4,9,Need Attention,Low
14935,297,1,1784.710011124608,1,1,4,6,Lost Customers,High
14936,34,8,8137.019951492547,3,5,5,13,Champions,Low
14937,57,3,1621.8800044059765,3,3,4,10,Need Attention,Low
14944,30,12,5900.249950349327,4,5,5,14,Champions,Low
14946,14,1,100.900001525879,4,1,1,6,Potential Loyalists,Low
14947,72,2,290.8199975490571,2,3,2,7,Lost Customers,Low
14948,23,6,1101.9699993133545,4,5,4,13,Need Attention,Low
14950,19,1,371.20000028610235,4,1,2,7,Potential Loyalists,Low
14951,79,1,311.68999695777893,2,1,2,5,Lost Customers,Low
14952,60,11,8099.489957094193,3,5,5,13,Champions,Low
14953,25,1,285.6699967086314,4,1,2,7,Potential Loyalists,Low
14954,12,1,294.8499999642373,5,1,2,8,Potential Loyalists,Low
14957,253,1,58.48999935388566,1,1,1,3,Lost Customers,High
14958,147,3,483.729993492365,2,3,2,7,Lost Customers,Medium
14959,64,4,695.4200021028518,3,4,3,10,Need Attention,Low
14960,8,2,221.26999664306638,5,3,1,9,Potential Loyalists,Low
14961,11,9,7044.679992914199,5,5,5,15,Champions,Low
14962,271,1,126.70000076293954,1,1,1,3,Lost Customers,High
14963,10,5,1472.3399958759544,5,4,4,13,Need Attention,Low
14964,247,1,206.20999318361285,1,1,1,3,Lost Customers,High
14965,96,2,596.0899968743325,2,3,3,8,Lost Customers,Medium
14966,15,1,183.0199975967408,4,1,1,6,Potential Loyalists,Low
14967,50,1,463.79999542236317,3,1,2,6,Lost Customers,Low
14968,30,1,147.58999899402258,4,1,1,6,Potential Loyalists,Low
14970,68,4,1592.0599935054777,3,4,4,11,Need Attention,Low
14971,35,3,1097.9799914062025,3,3,4,10,Need Attention,Low
14972,128,1,114.76999893784529,2,1,1,4,Lost Customers,Medium
14973,107,3,1314.4500042200089,2,3,4,9,Need Attention,Medium
14974,37,1,89.93999862670903,3,1,1,5,Lost Customers,Low
14975,57,1,279.9399976134301,3,1,2,6,Lost Customers,Low
14976,57,7,790.8599896132947,3,5,3,11,Need Attention,Low
14978,72,5,1921.3699739277367,2,4,4,10,Need Attention,Low
14981,246,1,102.11999821662887,1,1,1,3,Lost Customers,High
14984,19,2,202.3699995875359,4,3,1,8,Potential Loyalists,Low
14985,198,2,292.0099967718125,1,3,2,6,Lost Customers,High
14987,16,2,326.3999938964844,4,3,2,9,Potential Loyalists,Low
14988,212,1,334.5399991273879,1,1,2,4,Lost Customers,High
14995,39,2,231.9800001084805,3,3,1,7,Potential Loyalists,Low
14997,46,3,546.1999949216843,3,3,3,9,Need Attention,Low
14998,170,2,414.86999663710594,2,3,2,7,Lost Customers,Medium
15000,48,1,490.5199974179269,3,1,3,7,Lost Customers,Low
15002,116,4,1641.7599936723707,2,4,4,10,Need Attention,Medium
15004,147,1,1220.7699893116953,2,1,4,7,Lost Customers,Medium
15005,16,28,6295.369958117604,4,5,5,14,Champions,Low
15006,51,1,480.37999842315924,3,1,2,6,Lost Customers,Low
15007,159,1,156.9099966287612,2,1,1,4,Lost Customers,Medium
15009,12,3,1259.429992467165,5,3,4,12,Potential Loyalists,Low
15010,36,1,308.94000220298767,3,1,2,6,Potential Loyalists,Low
15012,54,2,405.0399954915047,3,3,2,8,Lost Customers,Low
15014,43,2,257.6699994802475,3,3,2,8,Potential Loyalists,Low
15016,173,1,170.03999906778347,2,1,1,4,Lost Customers,Medium
15017,34,1,125.57999742031099,3,1,1,5,Lost Customers,Low
15018,39,3,496.2099994793535,3,3,3,9,Potential Loyalists,Low
15019,267,1,252.80999770760536,1,1,2,4,Lost Customers,High
15021,9,9,1871.7699899002914,5,5,4,14,Champions,Low
15022,12,4,852.3899919688703,5,4,3,12,Potential Loyalists,Low
15023,3,11,6720.40994796157,5,5,5,15,Champions,Low
15024,10,10,1636.4299921691418,5,5,4,14,Champions,Low
15025,33,1,361.95999759435654,3,1,2,6,Potential Loyalists,Low
15026,80,3,469.00000065565115,2,3,2,7,Need Attention,Low
15027,31,4,1066.1499907970428,4,4,4,12,Need Attention,Low
15028,8,4,627.1299943923949,5,4,3,12,Potential Loyalists,Low
15030,72,2,518.2799921035768,2,3,3,8,Lost Customers,Low
15031,4,4,653.1900025010109,5,4,3,12,Potential Loyalists,Low
15032,256,3,4959.099933505053,1,3,5,9,Need Attention,High
15033,5,10,2557.1799836903815,5,5,5,15,Champions,Low
15034,16,8,4274.159993067383,4,5,5,14,Champions,Low
15035,90,1,252.72999840974802,2,1,2,5,Lost Customers,Low
15036,72,3,429.55999515950697,2,3,2,7,Need Attention,Low
15038,59,6,685.7399908900262,3,5,3,11,Need Attention,Low
15039,10,47,19766.589917510748,5,5,5,15,Champions,Low
15041,170,1,179.92999985814092,2,1,1,4,Lost Customers,Medium
15042,199,1,135.93000030517572,1,1,1,3,Lost Customers,High
15043,31,1,536.999988555909,4,1,3,8,Potential Loyalists,Low
15044,19,17,7634.729923099279,4,5,5,14,Champions,Low
15045,152,2,735.6599994897841,2,3,3,8,Lost Customers,Medium
15046,9,15,5090.42000937462,5,5,5,15,Champions,Low
15047,270,1,343.6199984550477,1,1,2,4,Lost Customers,High
15048,65,4,380.99999770522123,3,4,2,9,Need Attention,Low
15049,274,1,121.17000341415402,1,1,1,3,Lost Customers,High
15050,25,3,1737.6899996101856,4,3,4,11,Need Attention,Low
15051,23,3,1383.359993711114,4,3,4,11,Need Attention,Low
15052,319,1,207.73000192642212,1,1,1,3,Lost Customers,High
15053,5,3,693.9499978125093,5,3,3,11,Potential Loyalists,Low
15054,12,2,302.0999971926213,5,3,2,10,Potential Loyalists,Low
15057,275,2,1489.499996602535,1,3,4,8,Need Attention,High
15058,25,11,2102.5399833023553,4,5,5,14,Champions,Low
15059,41,9,1337.719987437129,3,5,4,12,Need Attention,Low
15060,8,4,294.24999755620956,5,4,2,11,Potential Loyalists,Low
15061,4,48,54534.139646708965,5,5,5,15,Champions,Low
15062,71,4,987.8599941730498,3,4,4,11,Need Attention,Low
15063,213,1,370.79999542236305,1,1,2,4,Lost Customers,High
15065,38,4,3158.1299882233147,3,4,5,12,Need Attention,Low
15066,53,1,893.5899965763092,3,1,3,7,Lost Customers,Low
15067,78,3,1744.7600028514858,2,3,4,9,Need Attention,Low
15068,46,2,553.3599989265205,3,3,3,9,Potential Loyalists,Low
15069,179,1,1109.5299894809727,1,1,4,6,Lost Customers,Medium
15070,373,1,106.200001716614,1,1,1,3,Lost Customers,High
15071,94,2,982.0699901580812,2,3,4,9,Need Attention,Medium
15073,10,3,1043.4099948406217,5,3,4,12,Potential Loyalists,Low
15074,105,1,735.6699974536893,2,1,3,6,Lost Customers,Medium
15075,78,1,773.0299990177151,2,1,3,6,Lost Customers,Low
15076,173,1,880.8499965667726,2,1,3,6,Lost Customers,Medium
15078,7,32,9743.109796285624,5,5,5,15,Champions,Low
15079,213,4,895.6099933385848,1,4,3,8,Need Attention,High
15081,22,5,504.79999685287504,4,4,3,11,Potential Loyalists,Low
15083,257,1,88.200001001358,1,1,1,3,Lost Customers,High
15087,282,1,306.9400014877321,1,1,2,4,Lost Customers,High
15088,21,2,1160.069993495941,4,3,4,11,Potential Loyalists,Low
15089,10,6,2420.8399784862995,5,5,5,15,Champions,Low
15090,308,1,381.31999850273144,1,1,2,4,Lost Customers,High
15091,68,1,480.70999816060066,3,1,2,6,Lost Customers,Low
15092,215,2,457.80999279022217,1,3,2,6,Lost Customers,High
15093,18,6,4597.019973486662,4,5,5,14,Champions,Low
15095,104,4,1370.5999958515167,2,4,4,10,Need Attention,Medium
15096,43,1,219.3899998664856,3,1,1,5,Lost Customers,Low
15097,4,1,248.08000004291537,5,1,1,7,Potential Loyalists,Low
15098,182,3,39916.49998855591,1,3,5,9,Need Attention,High
15099,84,1,410.4799975156784,2,1,2,5,Lost Customers,Low
15100,334,3,875.9999847412099,1,3,3,7,Lost Customers,High
15101,9,2,317.5300002098087,5,3,2,10,Potential Loyalists,Low
15103,31,2,703.3600002825259,4,3,3,10,Potential Loyalists,Low
15104,197,2,993.5399975478658,1,3,4,8,Lost Customers,High
15105,18,7,2298.930008053779,4,5,5,14,Champions,Low
15106,18,5,1422.519988447428,4,4,4,12,Need Attention,Low
15107,311,6,319.5000019073487,1,5,2,8,Lost Customers,High
15108,142,4,1300.2500019073489,2,4,4,10,Need Attention,Medium
15109,246,1,484.9500014781951,1,1,2,4,Lost Customers,High
15110,24,4,996.1000008583065,4,4,4,12,Need Attention,Low
15111,29,3,1567.479976594448,4,3,4,11,Need Attention,Low
15113,10,3,3509.4300013184547,5,3,5,13,Need Attention,Low
15114,30,10,2760.559985220433,4,5,5,14,Champions,Low
15115,18,1,340.11000156402577,4,1,2,7,Potential Loyalists,Low
15116,18,4,1352.7499910295005,4,4,4,12,Need Attention,Low
15117,15,5,1551.7799739837637,4,4,4,12,Need Attention,Low
15118,134,1,244.800002574921,2,1,1,4,Lost Customers,Medium
15119,246,1,266.4000005722046,1,1,2,4,Lost Customers,High
15120,134,1,358.8199982047085,2,1,2,5,Lost Customers,Medium
15121,50,2,457.7199974060058,3,3,2,8,Potential Loyalists,Low
15122,114,3,1633.7799899876118,2,3,4,9,Need Attention,Medium
15123,7,2,2199.3099923133846,5,3,5,13,Potential Loyalists,Low
15124,23,2,184.18999922275552,4,3,1,8,Potential Loyalists,Low
15125,25,15,11528.479946583515,4,5,5,14,Champions,Low
15127,66,1,406.529994726181,3,1,2,6,Lost Customers,Low
15128,60,4,1471.0000002086165,3,4,4,11,Need Attention,Low
15129,50,11,3447.400006443262,3,5,5,13,Champions,Low
15130,170,1,330.1100001335144,2,1,2,5,Lost Customers,Medium
15132,18,5,977.9299987554546,4,4,4,12,Need Attention,Low
15133,128,3,982.4200023412702,2,3,4,9,Need Attention,Medium
15134,15,8,1387.9900007247925,4,5,4,13,Champions,Low
15135,239,1,139.0500001907349,1,1,1,3,Lost Customers,High
15136,3,4,1286.6999902725215,5,4,4,13,Potential Loyalists,Low
15139,240,2,178.96000266075146,1,3,1,5,Lost Customers,High
15140,52,7,2354.250001221895,3,5,5,13,Need Attention,Low
15142,46,1,498.7399982511998,3,1,3,7,Lost Customers,Low
15143,226,1,259.4499990046025,1,1,2,4,Lost Customers,High
15144,8,17,6580.439904212951,5,5,5,15,Champions,Low
15145,4,4,1194.729999899864,5,4,4,13,Potential Loyalists,Low
15146,165,2,1327.1599984765057,2,3,4,9,Need Attention,Medium
15147,240,1,623.4999947547911,1,1,3,5,Lost Customers,High
15148,11,1,301.28999954462046,5,1,2,8,Potential Loyalists,Low
15149,134,1,520.7999944686889,2,1,3,6,Lost Customers,Medium
15150,17,10,5291.329965978862,4,5,5,14,Champions,Low
15152,10,13,4745.689971476792,5,5,5,15,Champions,Low
15153,31,1,329.2499969005585,4,1,2,7,Potential Loyalists,Low
15154,75,1,254.27999830245975,2,1,2,5,Lost Customers,Low
15156,1,3,961.4899954795836,5,3,4,12,Potential Loyalists,Low
15157,4,3,1936.070003151894,5,3,4,12,Potential Loyalists,Low
15158,45,1,401.4000009298322,3,1,2,6,Lost Customers,Low
15159,2,30,18641.009876042604,5,5,5,15,Champions,Low
15160,357,1,158.1600000858309,1,1,1,3,Lost Customers,High
15163,18,2,304.4699949026106,4,3,2,9,Potential Loyalists,Low
15164,69,3,824.5799941420554,3,3,3,9,Need Attention,Low
15165,373,1,487.74999809265137,1,1,3,5,Lost Customers,High
15167,321,1,158.7999991178513,1,1,1,3,Lost Customers,High
15168,26,1,106.55999922752379,4,1,1,6,Potential Loyalists,Low
15171,331,1,1289.499974250793,1,1,4,6,Lost Customers,High
15172,9,5,1624.049986898899,5,4,4,13,Champions,Low
15174,323,1,135.74999868869767,1,1,1,3,Lost Customers,High
15175,72,1,224.13999843597423,2,1,1,4,Lost Customers,Low
15178,260,1,40.50000071525578,1,1,1,3,Lost Customers,High
15179,18,5,2206.9499882161617,4,4,5,13,Need Attention,Low
15180,367,1,87.5000007152557,1,1,1,3,Lost Customers,High
15181,66,3,689.4799864292145,3,3,3,9,Need Attention,Low
15182,154,2,622.8499925136565,2,3,3,8,Lost Customers,Medium
15184,29,2,402.1999973356725,4,3,2,9,Potential Loyalists,Low
15185,70,1,310.61999750137335,3,1,2,6,Lost Customers,Low
15186,14,2,411.4099962711333,4,3,2,9,Potential Loyalists,Low
15187,2,16,4777.180007219314,5,5,5,15,Champions,Low
15189,1,41,16225.389774560927,5,5,5,15,Champions,Low
15192,120,3,1044.3199835419653,2,3,4,9,Need Attention,Medium
15193,61,1,499.3199915885924,3,1,3,7,Lost Customers,Low
15194,3,15,7616.529977440837,5,5,5,15,Champions,Low
15195,3,1,3861.0,5,1,5,11,Potential Loyalists,Low
15197,11,3,1079.6100047826765,5,3,4,12,Potential Loyalists,Low
15198,92,2,193.6400009393692,2,3,1,6,Lost Customers,Medium
15199,59,4,1268.6999740600572,3,4,4,11,Need Attention,Low
15201,87,5,1236.5399863719942,2,4,4,10,Need Attention,Low
15203,26,6,1827.799969926475,4,5,4,13,Need Attention,Low
15204,357,1,316.5799973011017,1,1,2,4,Lost Customers,High
15205,85,2,653.2399965524673,2,3,3,8,Lost Customers,Low
15206,10,4,420.2999939918517,5,4,2,11,Potential Loyalists,Low
15208,1,5,870.1199954152106,5,4,3,12,Potential Loyalists,Low
15210,225,1,331.1800007820132,1,1,2,4,Lost Customers,High
15211,60,2,894.4099965095521,3,3,3,9,Need Attention,Low
15212,241,1,101.7999987602233,1,1,1,3,Lost Customers,High
15213,319,2,328.35000163316727,1,3,2,6,Lost Customers,High
15214,2,8,1661.439992070198,5,5,4,14,Champions,Low
15215,47,3,734.9399871826168,3,3,3,9,Need Attention,Low
15216,88,1,96.59999799728391,2,1,1,4,Lost Customers,Low
15218,11,11,5756.889952272179,5,5,5,15,Champions,Low
15219,176,1,305.7499990463257,2,1,2,5,Lost Customers,Medium
15220,52,6,1778.9599780738351,3,5,4,12,Need Attention,Low
15221,366,1,403.25,1,1,2,4,Lost Customers,High
15222,319,1,585.0000119209295,1,1,3,5,Lost Customers,High
15223,226,2,755.7499916553495,1,3,3,7,Lost Customers,High
15224,358,2,322.0800036191941,1,3,2,6,Lost Customers,High
15225,234,1,409.39999461174006,1,1,2,4,Lost Customers,High
15226,311,1,154.40999722480768,1,1,1,3,Lost Customers,High
15227,37,5,1219.3999986052518,3,4,4,11,Need Attention,Low
15228,66,4,3386.7099871635423,3,4,5,12,Need Attention,Low
15230,239,2,429.5999929010871,1,3,2,6,Lost Customers,High
15232,113,2,612.0600044727321,2,3,3,8,Lost Customers,Medium
15234,277,1,196.99999964237213,1,1,1,3,Lost Customers,High
15235,218,12,2247.509986013174,1,5,5,11,Need Attention,High
15236,299,1,321.0500017404559,1,1,2,4,Lost Customers,High
15237,2,4,1412.3200024664409,5,4,4,13,Potential Loyalists,Low
15238,29,3,1071.989995658398,4,3,4,11,Need Attention,Low
15239,10,2,780.590002268553,5,3,3,11,Potential Loyalists,Low
15240,45,5,1706.5700014084573,3,4,4,11,Need Attention,Low
15241,67,8,1756.4399826824667,3,5,4,12,Need Attention,Low
15243,74,1,316.6800014078616,2,1,2,5,Lost Customers,Low
15244,65,2,631.569998562336,3,3,3,9,Need Attention,Low
15245,134,3,2515.8399865031256,2,3,5,10,Need Attention,Medium
15246,238,2,514.1499958038329,1,3,3,7,Lost Customers,High
15247,122,1,355.9999961853028,2,1,2,5,Lost Customers,Medium
15249,32,13,6688.459936290978,4,5,5,14,Champions,Low
15251,9,11,10484.99003911019,5,5,5,15,Champions,Low
15252,36,2,740.7799918055535,3,3,3,9,Potential Loyalists,Low
15253,16,5,918.2000032663349,4,4,3,11,Need Attention,Low
15254,127,1,300.3599951863287,2,1,2,5,Lost Customers,Medium
15255,67,1,890.849995493889,3,1,3,7,Lost Customers,Low
15256,149,1,98.44999790191646,2,1,1,4,Lost Customers,Medium
15257,283,1,317.1500010490418,1,1,2,4,Lost Customers,High
15258,169,2,623.1599924564362,2,3,3,8,Lost Customers,Medium
15260,100,7,1810.7699921131132,2,5,4,11,Need Attention,Medium
15261,135,1,254.819999575615,2,1,2,5,Lost Customers,Medium
15262,324,1,178.9500017166138,1,1,1,3,Lost Customers,High
15263,107,1,156.50999939441678,2,1,1,4,Lost Customers,Medium
15264,64,1,393.73999166488625,3,1,2,6,Lost Customers,Low
15265,151,2,1506.1199967861176,2,3,4,9,Need Attention,Medium
15266,338,1,119.2999973297119,1,1,1,3,Lost Customers,High
15267,22,5,1717.3599872589114,4,4,4,12,Need Attention,Low
15269,24,1,408.799995422363,4,1,2,7,Potential Loyalists,Low
15270,16,7,2379.490036725999,4,5,5,14,Champions,Low
15271,7,15,2493.3399927914143,5,5,5,15,Champions,Low
15272,57,2,721.9399944245816,3,3,3,9,Need Attention,Low
15274,4,2,716.5699985027312,5,3,3,11,Potential Loyalists,Low
15275,38,1,615.1399943828583,3,1,3,7,Potential Loyalists,Low
15276,66,1,128.62999936938286,3,1,1,5,Lost Customers,Low
15277,47,1,255.89999762177467,3,1,2,6,Lost Customers,Low
15279,355,1,290.51000142097496,1,1,2,4,Lost Customers,High
15280,172,1,113.12000182270998,2,1,1,4,Lost Customers,Medium
15281,59,9,2332.149977862835,3,5,5,13,Need Attention,Low
15286,50,1,240.5499992370605,3,1,1,5,Lost Customers,Low
15287,22,2,486.689996600151,4,3,2,9,Potential Loyalists,Low
15288,43,5,2306.5199986696243,3,4,5,12,Need Attention,Low
15289,29,3,939.779988884926,4,3,4,11,Need Attention,Low
15290,5,18,7943.220003366471,5,5,5,15,Champions,Low
15291,26,15,4668.299947500228,4,5,5,14,Champions,Low
15292,201,1,178.38999873399732,1,1,1,3,Lost Customers,High
15296,51,6,3672.8599689751854,3,5,5,13,Need Attention,Low
15297,10,3,641.9400000572206,5,3,3,11,Potential Loyalists,Low
15298,2,12,4799.899975910783,5,5,5,15,Champions,Low
15299,67,7,4507.010002136226,3,5,5,13,Need Attention,Low
15300,64,1,496.44000339508057,3,1,3,7,Lost Customers,Low
15301,51,12,5049.949990034103,3,5,5,13,Champions,Low
15303,290,1,574.0199983119965,1,1,3,5,Lost Customers,High
15304,61,8,694.3999981880188,3,5,3,11,Need Attention,Low
15306,64,3,1174.3499906957152,3,3,4,10,Need Attention,Low
15307,96,1,205.29999685287478,2,1,1,4,Lost Customers,Medium
15308,274,1,310.4699988365175,1,1,2,4,Lost Customers,High
15311,1,91,60632.749353811174,5,5,5,15,Champions,Low
15312,75,4,924.8499995172025,2,4,3,9,Need Attention,Low
15313,110,1,51.9999980926514,2,1,1,4,Lost Customers,Medium
15314,199,1,327.9699976444244,1,1,2,4,Lost Customers,High
15315,64,2,570.4999997615814,3,3,3,9,Lost Customers,Low
15316,327,1,164.999997615814,1,1,1,3,Lost Customers,High
15318,4,1,312.6199970245362,5,1,2,8,Potential Loyalists,Low
15319,284,1,204.49999567866345,1,1,1,3,Lost Customers,High
15320,44,1,267.1299971342087,3,1,2,6,Lost Customers,Low
15321,71,3,2748.3099825382233,3,3,5,11,Need Attention,Low
15322,86,1,679.6800014972688,2,1,3,6,Lost Customers,Low
15325,104,1,161.7399986982347,2,1,1,4,Lost Customers,Medium
15326,334,1,311.7099968492987,1,1,2,4,Lost Customers,High
15327,53,1,208.7500030100347,3,1,1,5,Lost Customers,Low
15329,39,3,1049.6999941468237,3,3,4,10,Need Attention,Low
15330,32,2,714.9599815011027,4,3,3,10,Potential Loyalists,Low
15332,366,4,1661.0599842071535,1,4,4,9,Need Attention,High
15333,208,1,1028.5600147247308,1,1,4,6,Lost Customers,High
15334,157,3,350.8200009167195,2,3,2,7,Lost Customers,Medium
15335,54,1,170.2199995219708,3,1,1,5,Lost Customers,Low
15339,66,2,574.0699943006039,3,3,3,9,Lost Customers,Low
15341,81,1,2020.5199861526498,2,1,4,7,Need Attention,Low
15342,130,1,406.0899963378906,2,1,2,5,Lost Customers,Medium
15343,87,1,364.49999523162836,2,1,2,5,Lost Customers,Low
15344,1,3,563.9399948120115,5,3,3,11,Potential Loyalists,Low
15345,46,1,393.539996623993,3,1,2,6,Lost Customers,Low
15346,333,1,252.41999781131744,1,1,2,4,Lost Customers,High
15347,366,1,201.5999984741211,1,1,1,3,Lost Customers,High
15348,72,1,158.03999841213223,2,1,1,4,Lost Customers,Low
15349,158,2,463.9099983870983,2,3,2,7,Lost Customers,Medium
15350,373,1,115.64999485015859,1,1,1,3,Lost Customers,High
15351,12,7,1934.659994095564,5,5,4,14,Champions,Low
15353,255,2,770.1199926435947,1,3,3,7,Lost Customers,High
15355,29,2,277.04999256134016,4,3,2,9,Potential Loyalists,Low
15356,31,10,2718.029974460602,4,5,5,14,Champions,Low
15358,5,22,8347.199953883888,5,5,5,15,Champions,Low
15360,40,1,427.9299986362457,3,1,2,6,Potential Loyalists,Low
15361,362,1,418.9199852943422,1,1,2,4,Lost Customers,High
15363,373,1,325.9999961853027,1,1,2,4,Lost Customers,High
15364,96,2,913.1899974346167,2,3,3,8,Need Attention,Medium
15365,26,7,2314.3199990987773,4,5,5,14,Need Attention,Low
15366,75,2,602.5099928379062,2,3,3,8,Lost Customers,Low
15367,57,4,1877.5899842977522,3,4,4,11,Need Attention,Low
15368,21,1,446.93998718261696,4,1,2,7,Potential Loyalists,Low
15370,41,7,2386.049988865852,3,5,5,13,Need Attention,Low
15372,137,1,2007.4000122547166,2,1,4,7,Need Attention,Medium
15373,8,12,2415.9099808335304,5,5,5,15,Champions,Low
15374,129,1,168.0000014305115,2,1,1,4,Lost Customers,Medium
15376,40,3,1221.560000807047,3,3,4,10,Need Attention,Low
15379,169,7,3703.289988666772,2,5,5,12,Need Attention,Medium
15380,9,5,1690.2600131034847,5,4,4,13,Champions,Low
15381,214,2,596.8500108718872,1,3,3,7,Lost Customers,High
15382,15,6,5955.709957808256,4,5,5,14,Champions,Low
15384,170,2,642.4099962413314,2,3,3,8,Lost Customers,Medium
15385,40,1,316.8799983561036,3,1,2,6,Lost Customers,Low
15386,186,1,394.1399960517885,1,1,2,4,Lost Customers,High
15388,270,1,140.54000020027166,1,1,1,3,Lost Customers,High
15389,172,1,500.0,2,1,3,6,Lost Customers,Medium
15392,5,4,1535.529993712902,5,4,4,13,Potential Loyalists,Low
15393,16,2,231.85999464988697,4,3,1,8,Potential Loyalists,Low
15394,10,4,2183.539977312087,5,4,5,14,Need Attention,Low
15395,326,1,107.4499979019165,1,1,1,3,Lost Customers,High
15396,113,1,288.179999113083,2,1,2,5,Lost Customers,Medium
15397,290,1,93.9999990463257,1,1,1,3,Lost Customers,High
15398,16,2,1345.5299930572503,4,3,4,11,Potential Loyalists,Low
15399,1,3,815.7699912786483,5,3,3,11,Potential Loyalists,Low
15400,92,5,716.1999905109403,2,4,3,9,Need Attention,Medium
15402,149,2,626.7699897587302,2,3,3,8,Lost Customers,Medium
15405,189,1,349.09999135136616,1,1,2,4,Lost Customers,High
15406,31,2,510.7099955976007,4,3,3,10,Potential Loyalists,Low
15407,34,4,1046.7399918437006,3,4,4,11,Need Attention,Low
15408,264,1,267.1799993515016,1,1,2,4,Lost Customers,High
15410,84,8,3450.8399558067304,2,5,5,12,Need Attention,Low
15411,26,4,1348.9299919605255,4,4,4,12,Need Attention,Low
15412,171,1,190.5299990177155,2,1,1,4,Lost Customers,Medium
15414,10,3,774.8999908566475,5,3,3,11,Potential Loyalists,Low
15415,313,1,559.6099995970725,1,1,3,5,Lost Customers,High
15416,65,4,3984.319974154233,3,4,5,12,Need Attention,Low
15417,85,1,508.7999899387351,2,1,3,6,Lost Customers,Low
15419,25,1,135.86000001430514,4,1,1,6,Potential Loyalists,Low
15421,59,4,950.3599898219104,3,4,4,11,Need Attention,Low
15422,323,2,97.7000002861023,1,3,1,5,Lost Customers,High
15423,38,1,43.5000014305115,3,1,1,5,Lost Customers,Low
15424,254,2,383.33999800682074,1,3,2,6,Lost Customers,High
15426,19,5,1404.0699954479935,4,4,4,12,Need Attention,Low
15427,33,3,1430.5399951338773,3,3,4,10,Need Attention,Low
15428,15,1,93.77999997138978,4,1,1,6,Potential Loyalists,Low
15429,27,2,397.34999540448194,4,3,2,9,Potential Loyalists,Low
15432,23,1,171.1899976730347,4,1,1,6,Potential Loyalists,Low
15433,214,2,533.3000009059903,1,3,3,7,Lost Customers,High
15434,8,5,1041.4799820184708,5,4,4,13,Potential Loyalists,Low
15435,22,1,149.28999859094617,4,1,1,6,Potential Loyalists,Low
15436,12,3,1067.7499910816553,5,3,4,12,Potential Loyalists,Low
15437,262,1,200.1599980890752,1,1,1,3,Lost Customers,High
15438,131,1,156.58000016212466,2,1,1,4,Lost Customers,Medium
15440,55,3,383.67999976873404,3,3,2,8,Need Attention,Low
15442,249,1,593.999977111816,1,1,3,5,Lost Customers,High
15443,2,7,3213.589991331101,5,5,5,15,Champions,Low
15444,9,2,1411.2099940776825,5,3,4,12,Potential Loyalists,Low
15445,264,1,113.5000004768372,1,1,1,3,Lost Customers,High
15447,331,1,155.17000055313122,1,1,1,3,Lost Customers,High
15448,313,1,494.6399993896485,1,1,3,5,Lost Customers,High
15449,26,3,974.5199881196022,4,3,4,11,Need Attention,Low
15450,30,1,429.8399975299835,4,1,2,7,Potential Loyalists,Low
15452,30,3,528.479992955923,4,3,3,10,Potential Loyalists,Low
15453,2,7,1371.7699937522414,5,5,4,14,Champions,Low
15454,362,1,179.09999817609784,1,1,1,3,Lost Customers,High
15456,283,3,434.5899942964316,1,3,2,6,Lost Customers,High
15457,262,1,237.06999680399895,1,1,1,3,Lost Customers,High
15458,25,1,161.6399989128113,4,1,1,6,Potential Loyalists,Low
15460,354,1,214.25999939441684,1,1,1,3,Lost Customers,High
15462,94,3,234.5999994277954,2,3,1,6,Lost Customers,Medium
15463,29,1,126.1400001049042,4,1,1,6,Potential Loyalists,Low
15464,338,1,1044.649998188019,1,1,4,6,Lost Customers,High
15465,20,18,7354.619909882542,4,5,5,14,Champions,Low
15466,85,1,334.5299994051457,2,1,2,5,Lost Customers,Low
15467,9,3,524.8800034523011,5,3,3,11,Potential Loyalists,Low
15468,51,2,467.509992599487,3,3,2,8,Potential Loyalists,Low
15469,50,2,538.5499961376191,3,3,3,9,Potential Loyalists,Low
15471,2,1,454.47999554872507,5,1,2,8,Potential Loyalists,Low
15472,113,1,371.5600001439452,2,1,2,5,Lost Customers,Medium
15473,14,7,1771.19997024536,4,5,4,13,Champions,Low
15475,77,1,454.10999941825867,2,1,2,5,Lost Customers,Low
15478,40,2,1399.9199807643888,3,3,4,10,Need Attention,Low
15480,116,1,905.499992877245,2,1,3,6,Lost Customers,Medium
15482,16,12,10879.759913444519,4,5,5,14,Champions,Low
15483,161,4,225.25999864935878,2,4,1,7,Lost Customers,Medium
15484,1,4,3590.409954637289,5,4,5,14,Champions,Low
15485,30,3,2564.4999622106543,4,3,5,12,Need Attention,Low
15488,93,1,91.319995880127,2,1,1,4,Lost Customers,Medium
15489,23,3,1134.2800007462502,4,3,4,11,Need Attention,Low
15491,95,6,3100.0899763405323,2,5,5,12,Need Attention,Medium
15492,28,2,659.4599968492986,4,3,3,10,Potential Loyalists,Low
15493,33,5,1953.4099842309956,3,4,4,11,Need Attention,Low
15494,21,2,1280.5799791812901,4,3,4,11,Potential Loyalists,Low
15497,18,2,1262.1999797821047,4,3,4,11,Potential Loyalists,Low
15498,3,27,13316.399938195944,5,5,5,15,Champions,Low
15500,8,4,1131.5600019693375,5,4,4,13,Potential Loyalists,Low
15502,16,12,10384.929936259989,4,5,5,14,Champions,Low
15503,363,1,141.0399990975857,1,1,1,3,Lost Customers,High
15504,81,1,52.8299995660782,2,1,1,4,Lost Customers,Low
15505,53,5,3610.9599801898007,3,4,5,12,Need Attention,Low
15506,23,3,972.0799863338468,4,3,4,11,Need Attention,Low
15507,172,1,475.85999763011915,2,1,2,5,Lost Customers,Medium
15508,189,6,1000.2699999511243,1,5,4,10,Need Attention,High
15510,331,1,250.0,1,1,2,4,Lost Customers,High
15511,12,5,900.5299930274489,5,4,3,12,Potential Loyalists,Low
15512,156,2,121.0,2,3,1,6,Lost Customers,Medium
15513,33,19,14758.219899833202,3,5,5,13,Champions,Low
15514,12,11,4023.7199856489888,5,5,5,15,Champions,Low
15516,45,3,62.4300000667572,3,3,1,7,Lost Customers,Low
15517,233,1,267.029999628663,1,1,2,4,Lost Customers,High
15518,64,8,1921.5499908030035,3,5,4,12,Need Attention,Low
15520,2,1,343.49999547004694,5,1,2,8,Potential Loyalists,Low
15521,40,8,3000.199978649617,3,5,5,13,Need Attention,Low
15522,33,2,397.98999445885454,3,3,2,8,Potential Loyalists,Low
15523,84,1,412.01000094413797,2,1,2,5,Lost Customers,Low
15524,25,1,440.0,4,1,2,7,Potential Loyalists,Low
15525,2,3,734.3699987232685,5,3,3,11,Potential Loyalists,Low
15526,33,2,148.4399971961979,3,3,1,7,Potential Loyalists,Low
15527,19,8,2428.5299754738808,4,5,5,14,Champions,Low
15528,254,1,229.33000099658955,1,1,1,3,Lost Customers,High
15529,23,11,3962.599966228009,4,5,5,14,Champions,Low
15530,22,4,1497.30998390913,4,4,4,12,Need Attention,Low
15531,8,2,1972.389980912209,5,3,4,12,Potential Loyalists,Low
15532,25,4,1564.729983657599,4,4,4,12,Need Attention,Low
15533,19,3,807.5699918866159,4,3,3,10,Potential Loyalists,Low
15535,173,4,502.8999936580659,2,4,3,9,Need Attention,Medium
15537,163,1,110.91999942064287,2,1,1,4,Lost Customers,Medium
15539,7,1,538.4599977731704,5,1,3,9,Potential Loyalists,Low
15540,11,1,213.2999973893165,5,1,1,7,Potential Loyalists,Low
15541,114,1,85.12999838590619,2,1,1,4,Lost Customers,Medium
15543,288,1,127.86000037193311,1,1,1,3,Lost Customers,High
15544,9,9,3546.710005521775,5,5,5,15,Champions,Low
15545,54,2,288.969998240471,3,3,2,8,Lost Customers,Low
15547,7,14,4910.59995621443,5,5,5,15,Champions,Low
15549,77,3,1681.4599875807758,2,3,4,9,Need Attention,Low
15550,4,4,575.6299919486045,5,4,3,12,Potential Loyalists,Low
15551,37,1,436.06000065803534,3,1,2,6,Potential Loyalists,Low
15552,217,1,90.1200006604195,1,1,1,3,Lost Customers,High
15553,60,1,428.9299956262114,3,1,2,6,Lost Customers,Low
15554,278,1,217.1999998092652,1,1,1,3,Lost Customers,High
15555,12,16,4794.859947979451,5,5,5,15,Champions,Low
15556,24,1,279.7700002789498,4,1,2,7,Potential Loyalists,Low
15557,29,1,468.90999591350544,4,1,2,7,Potential Loyalists,Low
15561,12,4,800.5899930000301,5,4,3,12,Potential Loyalists,Low
15562,352,1,134.550001859665,1,1,1,3,Lost Customers,High
15563,22,4,1400.4399875402455,4,4,4,12,Need Attention,Low
15565,50,2,173.159996509552,3,3,1,7,Lost Customers,Low
15567,19,1,186.00999617576593,4,1,1,6,Potential Loyalists,Low
15568,3,3,758.2899968624116,5,3,3,11,Potential Loyalists,Low
15569,104,5,1375.7099888324728,2,4,4,10,Need Attention,Medium
15570,7,12,4148.819979369641,5,5,5,15,Champions,Low
15571,12,4,650.4299840331078,5,4,3,12,Potential Loyalists,Low
15572,5,7,2533.419990330935,5,5,5,15,Champions,Low
15573,32,2,591.1899962574246,4,3,3,10,Potential Loyalists,Low
15574,178,4,675.639994814992,2,4,3,9,Need Attention,Medium
15576,38,1,921.3699994087216,3,1,3,7,Potential Loyalists,Low
15577,151,3,258.8800008594991,2,3,2,7,Lost Customers,Medium
15578,162,1,127.09999811649324,2,1,1,4,Lost Customers,Medium
15579,69,2,327.5999971628189,3,3,2,8,Lost Customers,Low
15581,121,13,3675.7699891030793,2,5,5,12,Need Attention,Medium
15582,25,3,682.9100018739703,4,3,3,10,Potential Loyalists,Low
15584,24,4,720.8599920868874,4,4,3,11,Need Attention,Low
15585,177,1,455.2999962568283,2,1,2,5,Lost Customers,Medium
15587,50,4,913.6800098419184,3,4,3,10,Need Attention,Low
15589,256,3,478.5299987792968,1,3,2,6,Lost Customers,High
15592,47,1,388.58000004291534,3,1,2,6,Lost Customers,Low
15593,71,1,199.7999954223632,3,1,1,5,Lost Customers,Low
15594,16,5,1771.7799815237518,4,4,4,12,Need Attention,Low
15596,101,5,1406.5899848937986,2,4,4,10,Need Attention,Medium
15597,35,1,324.56999731063837,3,1,2,6,Potential Loyalists,Low
15598,53,1,240.67999935150146,3,1,1,5,Lost Customers,Low
15599,27,2,761.7399970293047,4,3,3,10,Potential Loyalists,Low
15601,11,14,6776.559952706099,5,5,5,15,Champions,Low
15602,8,9,1297.8699971437459,5,5,4,14,Champions,Low
15603,79,1,48.4800009727478,2,1,1,4,Lost Customers,Low
15604,52,1,216.3899981975555,3,1,1,5,Lost Customers,Low
15605,36,5,1198.2299873828888,3,4,4,11,Need Attention,Low
15606,61,9,2920.159994840622,3,5,5,13,Need Attention,Low
15607,337,1,104.76000022888184,1,1,1,3,Lost Customers,High
15608,28,4,1093.6799917221074,4,4,4,12,Need Attention,Low
15609,184,1,298.4799990653991,1,1,2,4,Lost Customers,High
15610,52,1,112.4599995613097,3,1,1,5,Lost Customers,Low
15611,10,13,1591.4499773085117,5,5,4,14,Champions,Low
15612,36,2,195.1499977111817,3,3,1,7,Potential Loyalists,Low
15615,10,23,10399.739903211592,5,5,5,15,Champions,Low
15618,33,4,776.8510018120284,3,4,3,10,Need Attention,Low
15619,11,1,336.4000082015996,5,1,2,8,Potential Loyalists,Low
15620,57,3,1553.179992794991,3,3,4,10,Need Attention,Low
15621,4,4,1293.0299825668326,5,4,4,13,Potential Loyalists,Low
15622,43,9,3709.5599802732463,3,5,5,13,Champions,Low
15623,141,1,301.02999496459967,2,1,2,5,Lost Customers,Medium
15624,117,4,588.1299951076506,2,4,3,9,Need Attention,Medium
15625,104,4,1534.259999752045,2,4,4,10,Need Attention,Medium
15626,75,2,675.7999960184098,2,3,3,8,Need Attention,Low
15628,5,9,2870.239998430014,5,5,5,15,Champions,Low
15630,45,2,1186.349982410669,3,3,4,10,Need Attention,Low
15632,16,8,3285.309974193573,4,5,5,14,Champions,Low
15634,17,1,243.54999637603748,4,1,1,6,Potential Loyalists,Low
15636,90,2,724.7599964141846,2,3,3,8,Need Attention,Low
15637,53,1,223.3599978685379,3,1,1,5,Lost Customers,Low
15639,134,1,425.3199955523017,2,1,2,5,Lost Customers,Medium
15640,4,15,12416.109934717411,5,5,5,15,Champions,Low
15641,105,4,1887.1999956965449,2,4,4,10,Need Attention,Medium
15643,192,3,663.9999995827678,1,3,3,7,Lost Customers,High
15644,166,4,803.5399989783765,2,4,3,9,Need Attention,Medium
15645,19,1,612.0099906921384,4,1,3,8,Potential Loyalists,Low
15646,158,3,447.6399984359744,2,3,2,7,Lost Customers,Medium
15648,204,2,639.500004053116,1,3,3,7,Lost Customers,High
15649,336,2,816.0,1,3,3,7,Lost Customers,High
15651,37,3,646.2999927699566,3,3,3,9,Need Attention,Low
15652,91,1,337.7399971485138,2,1,2,5,Lost Customers,Medium
15653,93,2,877.4400343894955,2,3,3,8,Need Attention,Medium
15654,9,2,922.5299863815306,5,3,3,11,Potential Loyalists,Low
15655,243,1,560.6699937880041,1,1,3,5,Lost Customers,High
15656,45,4,748.4999964237214,3,4,3,10,Need Attention,Low
15657,23,1,30.0,4,1,1,6,Lost Customers,Low
15658,190,5,1024.0999970436098,1,4,4,9,Need Attention,High
15659,44,1,306.4500002861023,3,1,2,6,Lost Customers,Low
15660,25,9,1600.859994769096,4,5,4,13,Champions,Low
15661,317,2,309.8000099658965,1,3,2,6,Lost Customers,High
15663,106,1,138.1399993896485,2,1,1,4,Lost Customers,Medium
15664,51,1,386.4300010204315,3,1,2,6,Lost Customers,Low
15665,168,2,2222.2099928855896,2,3,5,10,Need Attention,Medium
15667,40,1,301.32000017166143,3,1,2,6,Lost Customers,Low
15668,218,1,76.319995880127,1,1,1,3,Lost Customers,High
15669,40,4,684.3399947285651,3,4,3,10,Need Attention,Low
15670,297,1,173.0499997138977,1,1,1,3,Lost Customers,High
15671,19,7,2657.129971504211,4,5,5,14,Champions,Low
15673,88,4,2726.2299912571907,2,4,5,11,Need Attention,Low
15674,73,5,2446.5999734401703,2,4,5,11,Need Attention,Low
15675,81,3,323.6899971365927,2,3,2,7,Lost Customers,Low
15676,19,3,3435.7599840164185,4,3,5,12,Need Attention,Low
15677,49,1,657.229996919632,3,1,3,7,Lost Customers,Low
15678,53,1,352.6999931335448,3,1,2,6,Lost Customers,Low
15679,24,4,781.2799903601407,4,4,3,11,Need Attention,Low
15680,9,3,1333.679993271828,5,3,4,12,Potential Loyalists,Low
15681,25,5,1426.160001754761,4,4,4,12,Need Attention,Low
15683,117,1,193.75000095367432,2,1,1,4,Lost Customers,Medium
15687,9,9,2993.0999791622157,5,5,5,15,Champions,Low
15689,120,2,254.0999975204468,2,3,2,7,Lost Customers,Medium
15690,4,2,239.75999844074252,5,3,1,9,Potential Loyalists,Low
15691,252,1,136.7999982833862,1,1,1,3,Lost Customers,High
15692,28,1,191.0400009155273,4,1,1,6,Potential Loyalists,Low
15694,1,14,6479.400015830993,5,5,5,15,Champions,Low
15695,267,2,409.9800009727478,1,3,2,6,Lost Customers,High
15696,33,8,2711.109984576702,3,5,5,13,Need Attention,Low
15699,18,1,309.6499999761583,4,1,2,7,Potential Loyalists,Low
15700,172,2,696.680000960827,2,3,3,8,Lost Customers,Medium
15701,2,4,1528.9999900087719,5,4,4,13,Potential Loyalists,Low
15703,265,1,211.4999971389766,1,1,1,3,Lost Customers,High
15704,140,4,2293.6199741959567,2,4,5,11,Need Attention,Medium
15705,201,1,143.0999984741212,1,1,1,3,Lost Customers,High
15706,64,4,1060.5600013732912,3,4,4,11,Need Attention,Low
15707,35,4,916.9799962341789,3,4,3,10,Need Attention,Low
15708,41,7,3235.249983251095,3,5,5,13,Need Attention,Low
15709,284,1,133.249995470047,1,1,1,3,Lost Customers,High
15712,9,5,1072.3599903583527,5,4,4,13,Potential Loyalists,Low
15713,143,2,356.7000014781952,2,3,2,7,Lost Customers,Medium
15714,12,2,330.0299952328206,5,3,2,10,Potential Loyalists,Low
15716,146,4,1101.1100076735022,2,4,4,10,Need Attention,Medium
15717,234,1,150.2999985218048,1,1,1,3,Lost Customers,High
15719,33,13,5030.069938510657,3,5,5,13,Champions,Low
15720,24,1,598.7299962043763,4,1,3,8,Potential Loyalists,Low
15721,12,1,471.39999425411213,5,1,2,8,Potential Loyalists,Low
15722,36,5,2211.2099730968466,3,4,5,12,Need Attention,Low
15723,365,1,190.69999730587008,1,1,1,3,Lost Customers,High
15724,201,2,218.2499957084654,1,3,1,5,Lost Customers,High
15725,15,1,415.2499983310698,4,1,2,7,Potential Loyalists,Low
15727,17,7,5159.059985667467,4,5,5,14,Champions,Low
15729,213,1,85.0,1,1,1,3,Lost Customers,High
15730,66,3,1120.879990130663,3,3,4,10,Need Attention,Low
15732,212,2,294.1199993193148,1,3,2,6,Lost Customers,High
15733,283,1,162.2999992370606,1,1,1,3,Lost Customers,High
15734,115,2,1339.4500116407885,2,3,4,9,Need Attention,Medium
15737,15,8,1188.1199910640714,4,5,4,13,Champions,Low
15738,19,16,4812.41996717453,4,5,5,14,Champions,Low
15739,66,1,449.12000179290783,3,1,2,6,Lost Customers,Low
15740,49,1,154.88000130653364,3,1,1,5,Lost Customers,Low
15743,16,4,775.9599896669388,4,4,3,11,Potential Loyalists,Low
15744,78,1,34.79999899864199,2,1,1,4,Lost Customers,Low
15745,19,4,1094.5899876356123,4,4,4,12,Need Attention,Low
15746,134,1,196.880000948906,2,1,1,4,Lost Customers,Medium
15747,13,3,946.6399897336956,5,3,4,12,Potential Loyalists,Low
15748,40,1,144.35999917984012,3,1,1,5,Lost Customers,Low
15749,235,3,44534.29941034318,1,3,5,9,Need Attention,High
15750,3,8,2463.0499635487795,5,5,5,15,Champions,Low
15752,40,7,2626.5999652743344,3,5,5,13,Need Attention,Low
15753,305,1,79.2000017166138,1,1,1,3,Lost Customers,High
15754,51,3,458.5699982643125,3,3,2,8,Need Attention,Low
15755,10,6,2364.2499934732914,5,5,5,15,Champions,Low
15756,61,4,528.0099949836731,3,4,3,10,Need Attention,Low
15757,66,2,714.4199936985968,3,3,3,9,Need Attention,Low
15758,25,1,205.2499957084655,4,2,1,7,Potential Loyalists,Low
15759,218,3,253.03999936580652,1,3,2,6,Lost Customers,High
15762,65,2,583.7500014305115,3,3,3,9,Lost Customers,Low
15763,32,2,1086.9199905395506,4,3,4,11,Need Attention,Low
15764,88,6,3279.969973981381,2,5,5,12,Need Attention,Low
15766,64,1,315.0599958896637,3,2,2,7,Lost Customers,Low
15768,116,3,621.8299979865553,2,4,3,9,Need Attention,Medium
15769,7,26,56252.7192430496,5,5,5,15,Champions,Low
15773,6,1,635.6800134479998,5,2,3,10,Potential Loyalists,Low
15774,69,1,270.79999756813055,3,2,2,7,Lost Customers,Low
15775,245,1,104.90000057220459,1,2,1,4,Lost Customers,High
15776,133,1,241.61999797821048,2,2,1,5,Lost Customers,Medium
15777,241,4,1047.1099872589116,1,4,4,9,Need Attention,High
15780,184,3,475.2799959182741,1,4,2,7,Lost Customers,High
15781,25,3,345.45999956130987,4,4,2,10,Potential Loyalists,Low
15782,10,3,2614.739968776702,5,4,5,14,Need Attention,Low
15783,11,1,246.2999973297119,5,2,1,8,Potential Loyalists,Low
15785,33,5,2328.970001906156,3,4,5,12,Need Attention,Low
15786,46,3,4918.9999777674675,3,4,5,12,Need Attention,Low
15787,26,3,933.2599973082542,4,4,3,11,Need Attention,Low
15789,358,1,351.30000150203705,1,2,2,5,Lost Customers,High
15790,10,1,218.74999904632568,5,2,1,8,Potential Loyalists,Low
15791,44,2,1612.6899865865703,3,3,4,10,Need Attention,Low
15793,15,3,965.6099872589106,4,4,4,12,Potential Loyalists,Low
15795,150,1,610.0099946856499,2,2,3,7,Lost Customers,Medium
15796,1,8,2708.609988152981,5,5,5,15,Champions,Low
15797,113,4,2207.399987220764,2,4,5,11,Need Attention,Medium
15799,76,3,884.1399900913239,2,4,3,9,Need Attention,Low
15800,107,2,696.8899945616722,2,3,3,8,Lost Customers,Medium
15801,46,3,1063.9499911069868,3,4,4,11,Need Attention,Low
15802,143,1,451.420013427734,2,2,2,6,Lost Customers,Medium
15803,51,1,415.8200001716616,3,2,2,7,Lost Customers,Low
15804,1,13,4206.389986336232,5,5,5,15,Champions,Low
15805,23,17,5488.179951161144,4,5,5,14,Champions,Low
15806,46,3,784.5799830555914,3,4,3,10,Need Attention,Low
15807,50,3,903.8999910354614,3,4,3,10,Need Attention,Low
15808,306,4,3651.26996833086,1,4,5,10,Need Attention,High
15809,36,5,515.7699974179271,3,4,3,10,Need Attention,Low
15810,79,4,1391.9799964427943,2,4,4,10,Need Attention,Low
15811,22,6,2218.6199797689906,4,5,5,14,Need Attention,Low
15812,107,5,1801.1399769783018,2,4,4,10,Need Attention,Medium
15813,208,2,1303.9099916815758,1,3,4,8,Need Attention,High
15814,17,4,1945.32998907566,4,4,4,12,Need Attention,Low
15815,64,5,2100.5999775826936,3,4,5,12,Need Attention,Low
15819,49,4,1905.4499837160104,3,4,4,11,Need Attention,Low
15820,320,1,206.97999954223633,1,2,1,4,Lost Customers,High
15821,44,2,570.9599972367286,3,3,3,9,Potential Loyalists,Low
15822,3,2,885.4699897170065,5,3,3,11,Potential Loyalists,Low
15823,372,1,15.0,1,2,1,4,Lost Customers,High
15825,172,1,532.939997434616,2,2,3,7,Lost Customers,Medium
15826,56,3,1654.309997081756,3,4,4,11,Need Attention,Low
15827,73,14,1836.0899913311005,2,5,4,11,Need Attention,Low
15829,99,2,636.1399983465674,2,3,3,8,Lost Customers,Medium
15830,38,1,575.9999964535239,3,2,3,8,Potential Loyalists,Low
15831,58,3,794.6399970650675,3,4,3,10,Need Attention,Low
15832,254,1,836.7900002002716,1,2,3,6,Lost Customers,High
15834,70,4,2225.1499959230423,3,4,5,12,Need Attention,Low
15835,44,4,954.0899975299833,3,4,4,11,Need Attention,Low
15836,50,1,137.36999940872195,3,2,1,6,Lost Customers,Low
15837,65,1,391.9800004959106,3,2,2,7,Lost Customers,Low
15838,11,19,33643.07981538773,5,5,5,15,Champions,Low
15839,33,3,1048.4899917840953,3,4,4,11,Need Attention,Low
15840,59,2,355.5599927306175,3,3,2,8,Lost Customers,Low
15841,73,4,1224.0599967241287,2,4,4,10,Need Attention,Low
15843,304,1,118.94999885559079,1,2,1,4,Lost Customers,High
15844,46,1,130.7400023937226,3,2,1,6,Lost Customers,Low
15845,18,8,3711.770004034042,4,5,5,14,Champions,Low
15847,38,2,389.26999926567083,3,3,2,8,Potential Loyalists,Low
15850,19,2,234.87999705970293,4,3,1,8,Potential Loyalists,Low
15852,187,2,160.71000024676323,1,3,1,5,Lost Customers,High
15853,52,1,110.79999828338629,3,2,1,6,Lost Customers,Low
15854,4,12,2969.119929924606,5,5,5,15,Champions,Low
15855,137,5,712.2400025725366,2,4,3,9,Need Attention,Medium
15856,4,27,16143.639867573977,5,5,5,15,Champions,Low
15857,19,1,297.0000033378599,4,2,2,8,Potential Loyalists,Low
15858,16,5,1427.5699865892532,4,4,4,12,Need Attention,Low
15860,41,8,965.159992337227,3,5,4,12,Need Attention,Low
15861,12,8,3146.9200010746713,5,5,5,15,Champions,Low
15862,8,4,832.8799962103369,5,4,3,12,Potential Loyalists,Low
15863,26,2,68.83999860286715,4,3,1,8,Potential Loyalists,Low
15864,22,6,1936.319937229157,4,5,4,13,Need Attention,Low
15865,41,3,895.1299924552442,3,4,3,10,Need Attention,Low
15866,101,1,211.88999980688118,2,2,1,5,Lost Customers,Medium
15867,5,15,3810.139954105022,5,5,5,15,Champions,Low
15869,277,2,149.64000168442735,1,3,1,5,Lost Customers,High
15870,33,1,351.43999469280266,3,2,2,7,Potential Loyalists,Low
15872,15,2,316.2499984204769,4,3,2,9,Potential Loyalists,Low
15874,64,7,4405.8799571990985,3,5,5,13,Need Attention,Low
15877,2,2,490.3299966156482,5,3,3,11,Potential Loyalists,Low
15880,369,1,329.0299983322622,1,2,2,5,Lost Customers,High
15881,312,5,501.38998618721945,1,4,3,8,Need Attention,High
15882,199,4,516.3599910140036,1,4,3,8,Need Attention,High
15883,2,2,396.4799963235855,5,3,2,10,Potential Loyalists,Low
15885,93,3,379.3499975204467,2,4,2,8,Lost Customers,Medium
15886,60,1,181.0899996757507,3,2,1,6,Lost Customers,Low
15888,81,1,168.31000089645391,2,2,1,5,Lost Customers,Low
15889,157,2,420.0699964165689,2,3,2,7,Lost Customers,Medium
15891,227,1,511.67999485135084,1,2,3,6,Lost Customers,High
15894,253,2,258.24999481439596,1,3,2,6,Lost Customers,High
15895,150,1,179.1699970364566,2,2,1,5,Lost Customers,Medium
15897,194,2,208.59000198543117,1,3,1,5,Lost Customers,High
15898,1,5,1383.829991132021,5,4,4,13,Champions,Low
15899,369,1,56.25000023841855,1,2,1,4,Lost Customers,High
15900,24,1,337.2799965143203,4,2,2,8,Potential Loyalists,Low
15901,17,3,351.72999821603304,4,4,2,10,Potential Loyalists,Low
15903,10,7,5126.759990692137,5,5,5,15,Champions,Low
15904,8,1,164.68000090122226,5,2,1,8,Potential Loyalists,Low
15906,20,7,1567.6899914741516,4,5,4,13,Need Attention,Low
15907,4,3,882.7199913412333,5,4,3,12,Potential Loyalists,Low
15909,174,1,191.939996600151,2,2,1,5,Lost Customers,Medium
15910,1,8,1228.8799963891508,5,5,4,14,Champions,Low
15912,178,2,264.6199982762336,2,3,2,7,Lost Customers,Medium
15916,16,8,1502.8599830381572,4,5,4,13,Champions,Low
15917,248,1,123.09999990463268,1,2,1,4,Lost Customers,High
15918,191,2,334.2299973964692,1,3,2,6,Lost Customers,High
15919,20,2,525.6899931430821,4,3,3,10,Potential Loyalists,Low
15920,154,4,167.49999842792755,2,4,1,7,Lost Customers,Medium
15921,173,1,323.030002117157,2,2,2,6,Lost Customers,Medium
15922,373,1,369.4999980926514,1,2,2,5,Lost Customers,High
15923,373,1,127.07999807596208,1,2,1,4,Lost Customers,High
15925,194,1,207.1499996185302,1,2,1,4,Lost Customers,High
15930,67,1,426.6299929618832,3,2,2,7,Lost Customers,Low
15932,4,8,2495.8700023889537,5,5,5,15,Champions,Low
15933,21,3,1107.45999661088,4,4,4,12,Need Attention,Low
15935,239,2,416.8600065708163,1,3,2,6,Lost Customers,High
15937,64,1,145.3499970436096,3,2,1,6,Lost Customers,Low
15938,112,5,404.5800008773804,2,4,2,8,Need Attention,Medium
15939,90,15,6115.009936213492,2,5,5,12,Champions,Low
15940,311,1,35.7999992370605,1,2,1,4,Lost Customers,High
15942,134,1,337.439996957779,2,2,2,6,Lost Customers,Medium
15944,277,1,325.09999799728377,1,2,2,5,Lost Customers,High
15945,365,1,181.0000038146977,1,2,1,4,Lost Customers,High
15947,83,1,1708.2399826049818,2,2,4,8,Need Attention,Low
15948,8,2,955.2399950325489,5,3,4,12,Potential Loyalists,Low
15949,17,2,364.7200025320054,4,3,2,9,Potential Loyalists,Low
15950,32,4,1744.7099750041955,4,4,4,12,Need Attention,Low
15951,9,2,708.2199962139131,5,3,3,11,Potential Loyalists,Low
15952,34,4,781.9099967479707,3,4,3,10,Need Attention,Low
15953,15,8,1657.2800033390527,4,5,4,13,Champions,Low
15955,24,14,4416.259933829307,4,5,5,14,Champions,Low
15957,32,1,428.8899917602538,4,2,2,8,Potential Loyalists,Low
15958,74,1,104.35000044107439,2,2,1,5,Lost Customers,Low
15963,20,2,470.75999736785894,4,3,2,9,Potential Loyalists,Low
15965,17,4,808.869996339083,4,4,3,11,Potential Loyalists,Low
15967,23,2,397.67999672889715,4,3,2,9,Potential Loyalists,Low
15969,3,3,666.0999910831449,5,4,3,12,Potential Loyalists,Low
15970,304,1,314.1000025272369,1,2,2,5,Lost Customers,High
15971,18,12,4199.849977731706,4,5,5,14,Champions,Low
15973,367,1,307.8199930191036,1,2,2,5,Lost Customers,High
15974,39,7,3442.149978011846,3,5,5,13,Need Attention,Low
15975,84,1,371.0100014209748,2,2,2,6,Lost Customers,Low
15976,165,2,427.6399981975557,2,3,2,7,Lost Customers,Medium
15977,17,2,1054.7299890816212,4,3,4,11,Potential Loyalists,Low
15978,77,1,1098.7799997925758,2,2,4,8,Lost Customers,Low
15980,89,3,2398.8599882125854,2,4,5,11,Need Attention,Low
15981,25,8,3408.479963779449,4,5,5,14,Champions,Low
15983,22,4,1465.1199949979782,4,4,4,12,Need Attention,Low
15984,3,10,2780.6299833953385,5,5,5,15,Champions,Low
15985,123,2,1142.4199855923657,2,3,4,9,Need Attention,Medium
15986,30,1,168.11999988555925,4,2,1,7,Potential Loyalists,Low
15987,12,7,1432.7699867039923,5,5,4,14,Champions,Low
15988,19,1,156.7800005972386,4,2,1,7,Potential Loyalists,Low
15990,44,2,792.1099932193755,3,3,3,9,Need Attention,Low
15992,4,1,41.9900007247925,5,2,1,8,Potential Loyalists,Low
15993,9,7,2777.6699824333195,5,5,5,15,Champions,Low
15994,55,1,414.2699953317643,3,2,2,7,Lost Customers,Low
15996,88,6,1032.5799987614157,2,5,4,11,Need Attention,Low
15998,37,5,3080.2199819684038,3,4,5,12,Need Attention,Low
16000,3,3,12393.69997739793,5,4,5,14,Champions,Low
16003,30,5,2735.3699786663055,4,4,5,13,Need Attention,Low
16005,12,4,578.7099953591824,5,4,3,12,Potential Loyalists,Low
16006,211,1,101.40000033378607,1,2,1,4,Lost Customers,High
16007,48,4,1693.8099851906304,3,4,4,11,Need Attention,Low
16008,24,3,478.7799900770184,4,4,2,10,Potential Loyalists,Low
16009,22,4,972.1099944114686,4,4,4,12,Need Attention,Low
16010,246,3,392.39999976754194,1,4,2,7,Lost Customers,High
16011,8,16,3352.959988564253,5,5,5,15,Champions,Low
16012,35,3,1415.2899915277958,3,4,4,11,Need Attention,Low
16013,4,47,37130.59960508346,5,5,5,15,Champions,Low
16014,38,3,646.8299983739854,3,4,3,10,Need Attention,Low
16015,4,3,704.5499961152672,5,4,3,12,Potential Loyalists,Low
16016,3,8,1465.5099897086623,5,5,4,14,Champions,Low
16017,47,1,211.8799989223481,3,2,1,6,Lost Customers,Low
16018,39,2,408.8999963998796,3,3,2,8,Potential Loyalists,Low
16019,47,9,3786.2399598062034,3,5,5,13,Champions,Low
16020,17,3,851.0099999904627,4,4,3,11,Potential Loyalists,Low
16022,260,1,602.6299965381623,1,2,3,6,Lost Customers,High
16023,46,3,719.8099940121177,3,4,3,10,Need Attention,Low
16024,12,1,251.0299958735705,5,2,2,9,Potential Loyalists,Low
16025,30,1,439.66000080108626,4,2,2,8,Potential Loyalists,Low
16026,43,1,236.08999878168112,3,2,1,6,Lost Customers,Low
16027,92,6,934.62000656128,2,5,4,11,Need Attention,Medium
16029,39,63,80850.83962106702,3,5,5,13,Champions,Low
16030,310,1,331.2400011718275,1,2,2,5,Lost Customers,High
16031,92,2,547.899991422892,2,3,3,8,Lost Customers,Medium
16033,6,20,8778.819929778576,5,5,5,15,Champions,Low
16034,196,3,437.6999961137771,1,4,2,7,Lost Customers,High
16036,87,2,758.9199886471027,2,3,3,8,Need Attention,Low
16037,270,3,855.020002603531,1,4,3,8,Need Attention,High
16038,8,3,471.78000211715704,5,4,2,11,Potential Loyalists,Low
16040,65,3,1313.5499856472015,3,4,4,11,Need Attention,Low
16041,31,3,3166.400037527089,4,4,5,13,Need Attention,Low
16042,22,5,1177.469996929169,4,4,4,12,Need Attention,Low
16043,38,4,773.9899927675726,3,4,3,10,Need Attention,Low
16045,120,4,1340.700001507998,2,4,4,10,Need Attention,Medium
16048,373,2,256.4399918317793,1,3,2,6,Lost Customers,High
16049,40,3,1074.809993185103,3,4,4,11,Need Attention,Low
16050,174,1,137.89999878406525,2,2,1,5,Lost Customers,Medium
16052,54,1,362.05999873578565,3,2,2,7,Lost Customers,Low
16053,33,2,1511.949992418289,3,3,4,10,Need Attention,Low
16054,145,1,783.8999986052514,2,2,3,7,Lost Customers,Medium
16055,221,1,134.79999876022336,1,2,1,4,Lost Customers,High
16056,45,1,650.7499969005586,3,2,3,8,Potential Loyalists,Low
16057,16,7,2263.1199836730952,4,5,5,14,Champions,Low
16059,66,6,1453.1599923372269,3,5,4,12,Need Attention,Low
16062,10,4,1153.6199851036065,5,4,4,13,Potential Loyalists,Low
16063,260,1,335.3200006484986,1,2,2,5,Lost Customers,High
16065,365,1,367.14000211656116,1,2,2,5,Lost Customers,High
16066,17,5,1521.0399903953073,4,4,4,12,Need Attention,Low
16070,22,2,852.150000154972,4,3,3,10,Potential Loyalists,Low
16071,45,1,326.23999726772297,3,2,2,7,Lost Customers,Low
16072,288,1,584.3199994564054,1,2,3,6,Lost Customers,High
16073,297,1,122.399997711182,1,2,1,4,Lost Customers,High
16076,3,10,2234.729965925216,5,5,5,15,Champions,Low
16078,284,1,79.1999969482422,1,2,1,4,Lost Customers,High
16079,17,3,1351.999983489512,4,4,4,12,Need Attention,Low
16080,82,2,217.15999913215634,2,3,1,6,Lost Customers,Low
16081,56,5,2799.4200052917004,3,4,5,12,Need Attention,Low
16083,101,2,1317.6199883222575,2,3,4,9,Need Attention,Medium
16084,299,1,436.179997742176,1,2,2,5,Lost Customers,High
16085,23,5,981.5099971890452,4,4,4,12,Need Attention,Low
16086,59,5,1121.389994740486,3,4,4,11,Need Attention,Low
16091,155,2,315.0599923133847,2,3,2,7,Lost Customers,Medium
16092,115,3,817.8600008487703,2,4,3,9,Need Attention,Medium
16093,107,1,17.0000004768372,2,2,1,5,Lost Customers,Medium
16094,12,4,1078.2300045490265,5,4,4,13,Potential Loyalists,Low
16096,264,1,320.6199984550477,1,2,2,5,Lost Customers,High
16097,240,1,185.0499982833863,1,2,1,4,Lost Customers,High
16098,88,7,2005.6299878358845,2,5,4,11,Need Attention,Low
16099,50,3,731.8999840021128,3,4,3,10,Need Attention,Low
16101,71,1,1290.699984371661,3,2,4,9,Need Attention,Low
16102,42,3,1842.13999158144,3,4,4,11,Need Attention,Low
16103,7,6,1429.6399979591374,5,5,4,14,Champions,Low
16104,62,1,298.20999956130976,3,2,2,7,Lost Customers,Low
16105,249,1,336.9599944353106,1,2,2,5,Lost Customers,High
16106,66,1,108.3800010681153,3,2,1,6,Lost Customers,Low
16107,18,7,3204.159965038298,4,5,5,14,Champions,Low
16108,85,1,842.49999371171,2,2,3,7,Lost Customers,Low
16109,219,2,611.8799915313729,1,3,3,7,Lost Customers,High
16110,45,3,1320.9499961137774,3,4,4,11,Need Attention,Low
16112,143,4,195.74000144004822,2,4,1,7,Lost Customers,Medium
16113,183,1,161.37999892234808,1,2,1,4,Lost Customers,High
16114,171,1,135.74999952316278,2,2,1,5,Lost Customers,Medium
16115,10,8,1660.8799919188027,5,5,4,14,Champions,Low
16116,212,1,612.7799948453903,1,2,3,6,Lost Customers,High
16117,190,1,232.20999902486804,1,2,1,4,Lost Customers,High
16119,8,2,423.3600013256073,5,3,2,10,Potential Loyalists,Low
16120,59,4,1309.1399810910227,3,4,4,11,Need Attention,Low
16121,57,2,854.6599929630759,3,3,3,9,Need Attention,Low
16122,73,4,684.4199869036671,2,4,3,9,Need Attention,Low
16123,52,1,307.7799952030182,3,2,2,7,Lost Customers,Low
16124,317,1,249.00000619888309,1,2,1,4,Lost Customers,High
16125,367,1,289.350001960993,1,2,2,5,Lost Customers,High
16126,29,4,6287.769927501677,4,4,5,13,Need Attention,Low
16127,39,1,656.2499936819075,3,2,3,8,Potential Loyalists,Low
16128,18,5,1880.219985961914,4,4,4,12,Need Attention,Low
16131,52,6,3506.539999127388,3,5,5,13,Need Attention,Low
16133,4,33,14589.039969861511,5,5,5,15,Champions,Low
16134,22,2,618.0899989008902,4,3,3,10,Potential Loyalists,Low
16135,263,1,517.5499944686887,1,2,3,6,Lost Customers,High
16136,60,3,709.3799993991854,3,4,3,10,Need Attention,Low
16139,19,3,635.4099878370758,4,4,3,11,Potential Loyalists,Low
16140,66,2,725.1800035238266,3,3,3,9,Need Attention,Low
16141,88,1,620.3999915122986,2,2,3,7,Lost Customers,Low
16142,250,1,535.3399983346465,1,2,3,6,Lost Customers,High
16143,3,6,2424.9399748146525,5,5,5,15,Champions,Low
16144,247,1,175.199996948242,1,2,1,4,Lost Customers,High
16145,9,11,3799.489983797073,5,5,5,15,Champions,Low
16146,157,3,734.1300013065335,2,4,3,9,Need Attention,Medium
16147,134,1,374.9999962449074,2,2,2,6,Lost Customers,Medium
16148,296,1,76.319995880127,1,2,1,4,Lost Customers,High
16149,5,2,280.5200006961823,5,3,2,10,Potential Loyalists,Low
16150,43,5,2053.0199956893916,3,4,4,11,Need Attention,Low
16152,269,1,1829.0399789810178,1,2,4,7,Lost Customers,High
16153,50,5,1824.2299762964244,3,4,4,11,Need Attention,Low
16156,9,9,3092.039976626634,5,5,5,15,Champions,Low
16157,16,3,656.689990520477,4,4,3,11,Potential Loyalists,Low
16159,282,1,348.2000036239624,1,2,2,5,Lost Customers,High
16160,65,2,1025.4399862289433,3,3,4,10,Need Attention,Low
16161,2,19,5533.6699519455415,5,5,5,15,Champions,Low
16162,252,1,37.3999996185303,1,2,1,4,Lost Customers,High
16163,232,2,856.6000089645383,1,3,3,7,Lost Customers,High
16164,17,3,822.480009078979,4,4,3,11,Potential Loyalists,Low
16168,11,27,3787.5999901294717,5,5,5,15,Champions,Low
16169,8,4,1822.9699841141692,5,4,4,13,Potential Loyalists,Low
16170,51,6,1885.0499933063984,3,5,4,12,Need Attention,Low
16171,59,1,73.2000017166138,3,2,1,6,Lost Customers,Low
16172,95,5,1140.2099896669386,2,4,4,10,Need Attention,Medium
16173,16,6,1418.3199818134306,4,5,4,13,Need Attention,Low
16174,126,3,1009.5499768257138,2,4,4,10,Need Attention,Medium
16175,94,4,1037.5899910926819,2,4,4,10,Need Attention,Medium
16177,50,1,331.949996471405,3,2,2,7,Lost Customers,Low
16178,138,1,197.8999986648559,2,2,1,5,Lost Customers,Medium
16179,61,1,215.8299969434737,3,2,1,6,Lost Customers,Low
16180,100,8,10254.179819136867,2,5,5,12,Need Attention,Medium
16181,73,1,305.5399999618526,2,2,2,6,Lost Customers,Low
16182,72,4,6617.6498751640265,2,4,5,11,Need Attention,Low
16183,67,1,338.7099943161009,3,2,2,7,Lost Customers,Low
16184,64,6,1158.7900028228757,3,5,4,12,Need Attention,Low
16185,17,2,529.4099971055984,4,3,3,10,Potential Loyalists,Low
16186,23,12,4006.9399921298022,4,5,5,14,Champions,Low
16187,32,15,6911.4399403333655,4,5,5,14,Champions,Low
16188,45,4,981.8599971532822,3,4,4,11,Need Attention,Low
16189,16,2,215.4800014495849,4,3,1,8,Potential Loyalists,Low
16190,40,1,215.0800032615662,3,2,1,6,Lost Customers,Low
16191,3,13,5180.519984096288,5,5,5,15,Champions,Low
16193,237,1,314.44999921321863,1,2,2,5,Lost Customers,High
16198,75,1,400.6809993515489,2,2,2,6,Lost Customers,Low
16200,4,2,1068.8699934482577,5,3,4,12,Potential Loyalists,Low
16201,3,4,1863.4699749946576,5,4,4,13,Champions,Low
16202,361,1,365.26999628543854,1,2,2,5,Lost Customers,High
16203,59,4,592.8999996185302,3,4,3,10,Need Attention,Low
16204,23,1,384.1799981892108,4,2,2,8,Potential Loyalists,Low
16205,31,4,757.6299951970577,4,4,3,11,Need Attention,Low
16206,55,4,537.0600000917912,3,4,3,10,Need Attention,Low
16207,25,1,394.3800007104873,4,2,2,8,Potential Loyalists,Low
16208,45,2,664.2599922716619,3,3,3,9,Potential Loyalists,Low
16209,89,5,2262.6200294494597,2,4,5,11,Need Attention,Low
16210,2,18,21086.300425887086,5,5,5,15,Champions,Low
16211,89,1,547.0199911594387,2,2,3,7,Lost Customers,Low
16212,19,2,690.3399934768677,4,3,3,10,Potential Loyalists,Low
16213,79,1,159.00000071525574,2,2,1,5,Lost Customers,Low
16214,171,3,1062.7500009536743,2,4,4,10,Need Attention,Medium
16215,81,1,242.34999895095825,2,2,1,5,Lost Customers,Low
16216,267,1,914.9299879074097,1,2,3,6,Lost Customers,High
16217,235,2,304.2499947547912,1,3,2,6,Lost Customers,High
16218,30,7,3084.6799914836874,4,5,5,14,Need Attention,Low
16221,37,3,860.8599977493288,3,4,3,10,Need Attention,Low
16222,318,1,773.549993723631,1,2,3,6,Lost Customers,High
16224,57,4,1295.2999917864802,3,4,4,11,Need Attention,Low
16225,45,5,1096.3199880421162,3,4,4,11,Need Attention,Low
16226,203,3,255.12000131607059,1,4,2,7,Lost Customers,High
16227,225,1,314.21999287605263,1,2,2,5,Lost Customers,High
16229,87,2,1010.5999858379361,2,3,4,9,Need Attention,Low
16230,190,2,542.0300004482269,1,3,3,7,Lost Customers,High
16232,44,4,990.8799872398381,3,4,4,11,Need Attention,Low
16233,71,3,536.6799986362455,3,4,3,10,Need Attention,Low
16235,41,5,867.309999704361,3,4,3,10,Need Attention,Low
16236,78,1,432.1999948024751,2,2,2,6,Lost Customers,Low
16239,57,2,414.19999647140503,3,3,2,8,Lost Customers,Low
16240,24,2,3718.7999840080743,4,3,5,12,Need Attention,Low
16241,10,13,2590.3099719658494,5,5,5,15,Champions,Low
16242,8,7,3579.8599498867966,5,5,5,15,Champions,Low
16243,34,2,409.09999555349356,3,3,2,8,Potential Loyalists,Low
16244,212,2,1522.749999523163,1,3,4,8,Need Attention,High
16245,24,3,1413.6599984169009,4,4,4,12,Need Attention,Low
16247,170,1,114.55999842286118,2,2,1,5,Lost Customers,Medium
16248,62,1,152.93999505043038,3,2,1,6,Lost Customers,Low
16249,53,5,1800.0699856579306,3,4,4,11,Need Attention,Low
16250,261,2,389.43999683856964,1,3,2,6,Lost Customers,High
16253,67,2,3683.860009253026,3,3,5,11,Need Attention,Low
16255,17,8,2619.9099873229866,4,5,5,14,Champions,Low
16256,267,1,752.430001735686,1,2,3,6,Lost Customers,High
16257,177,1,46.950000762939496,2,2,1,5,Lost Customers,Medium
16258,45,5,5203.5099835693845,3,4,5,12,Need Attention,Low
16260,51,1,1035.4499826431277,3,2,4,9,Need Attention,Low
16261,17,4,728.5399924814702,4,4,3,11,Potential Loyalists,Low
16265,9,9,5446.999971807004,5,5,5,15,Champions,Low
16266,74,7,861.8899994194509,2,5,3,10,Need Attention,Low
16268,71,2,667.6499972045425,3,3,3,9,Need Attention,Low
16270,353,1,1141.2399978637698,1,2,4,7,Lost Customers,High
16271,3,5,1404.6399885714052,5,4,4,13,Champions,Low
16272,117,1,411.69998788833544,2,2,2,6,Lost Customers,Medium
16274,373,1,351.75000000000017,1,2,2,5,Lost Customers,High
16275,197,1,559.8699953556062,1,2,3,6,Lost Customers,High
16276,177,1,810.6000022888179,2,2,3,7,Lost Customers,Medium
16278,100,1,566.3799977302552,2,2,3,7,Lost Customers,Medium
16279,21,3,1502.7799877524374,4,4,4,12,Need Attention,Low
16281,72,1,2062.059983968735,2,2,5,9,Need Attention,Low
16282,340,1,168.30000138282782,1,2,1,4,Lost Customers,High
16283,6,5,1570.810000032187,5,4,4,13,Champions,Low
16284,31,2,812.6799958646295,4,3,3,10,Potential Loyalists,Low
16287,170,1,142.49999511241904,2,2,1,5,Lost Customers,Medium
16292,122,1,302.2500023841857,2,2,2,6,Lost Customers,Medium
16293,22,10,2248.98997631669,4,5,5,14,Champions,Low
16295,10,4,1328.5499979257584,5,4,4,13,Potential Loyalists,Low
16297,269,1,301.9000002741813,1,2,2,5,Lost Customers,High
16298,23,3,598.1999955177305,4,4,3,11,Potential Loyalists,Low
16302,127,1,233.2199988365173,2,2,1,5,Lost Customers,Medium
16303,26,3,5360.629973888396,4,4,5,13,Need Attention,Low
16305,139,1,361.21999454498257,2,2,2,6,Lost Customers,Medium
16306,214,6,632.2700013816357,1,5,3,9,Need Attention,High
16308,38,4,2559.999942779541,3,4,5,12,Need Attention,Low
16309,106,2,706.5699923038484,2,3,3,8,Lost Customers,Medium
16311,18,2,616.2599940299988,4,3,3,10,Potential Loyalists,Low
16313,3,2,274.1500005722046,5,3,2,10,Potential Loyalists,Low
16315,331,1,226.370001077652,1,2,1,4,Lost Customers,High
16316,64,8,2938.9099839329724,3,5,5,13,Need Attention,Low
16317,120,3,1341.6499926149847,2,4,4,10,Need Attention,Medium
16318,35,1,328.1499977111816,3,2,2,7,Potential Loyalists,Low
16319,218,1,404.399986267089,1,2,2,5,Lost Customers,High
16320,172,2,1038.4599931836133,2,3,4,9,Need Attention,Medium
16321,72,5,373.6500005722046,2,4,2,8,Need Attention,Low
16322,1,2,326.7499991655351,5,3,2,10,Potential Loyalists,Low
16323,196,1,207.500004768372,1,2,1,4,Lost Customers,High
16324,128,3,408.5899997353555,2,4,2,8,Lost Customers,Medium
16325,47,3,594.2399997711182,3,4,3,10,Need Attention,Low
16326,6,14,3039.219963461161,5,5,5,15,Champions,Low
16327,14,6,3820.269988238812,4,5,5,14,Champions,Low
16330,18,3,251.90999828279018,4,4,2,10,Potential Loyalists,Low
16332,28,7,1582.7999861761928,4,5,4,13,Need Attention,Low
16333,8,22,26626.799204349532,5,5,5,15,Champions,Low
16337,37,1,151.0499987602234,3,2,1,6,Lost Customers,Low
16338,157,1,214.79999613761902,2,2,1,5,Lost Customers,Medium
16339,284,1,94.04999852180485,1,2,1,4,Lost Customers,High
16340,107,1,534.3099975883962,2,2,3,7,Lost Customers,Medium
16341,25,4,1971.869973927737,4,4,4,12,Need Attention,Low
16342,75,4,322.4099967479706,2,4,2,8,Need Attention,Low
16343,16,2,328.5799961090088,4,3,2,9,Potential Loyalists,Low
16344,158,1,101.0999965667724,2,2,1,5,Lost Customers,Medium
16345,44,1,565.4600012302399,3,2,3,8,Potential Loyalists,Low
16347,11,2,847.4499869644641,5,3,3,11,Potential Loyalists,Low
16348,32,7,1415.649999827147,4,5,4,13,Need Attention,Low
16349,291,1,53.49999919533722,1,2,1,4,Lost Customers,High
16350,21,4,1116.4699931144714,4,4,4,12,Need Attention,Low
16351,333,1,153.9000012874604,1,2,1,4,Lost Customers,High
16352,18,2,494.4399952888489,4,3,3,10,Potential Loyalists,Low
16353,4,23,6675.709834039213,5,5,5,15,Champions,Low
16354,63,2,395.79999589920044,3,3,2,8,Lost Customers,Low
16356,198,3,211.76999562978747,1,4,1,6,Lost Customers,High
16357,33,3,658.8799912929535,3,4,3,10,Need Attention,Low
16358,1,4,2027.4999711513515,5,4,4,13,Champions,Low
16359,7,9,1750.9199886918077,5,5,4,14,Champions,Low
16360,5,6,3450.4099913090467,5,5,5,15,Champions,Low
16361,10,4,891.2099983990195,5,4,3,12,Potential Loyalists,Low
16362,32,5,709.9899896383286,4,4,3,11,Need Attention,Low
16363,53,1,109.36000037193298,3,2,1,6,Lost Customers,Low
16364,12,2,705.7899978160858,5,3,3,11,Potential Loyalists,Low
16365,18,9,1540.4199697375293,4,5,4,13,Champions,Low
16366,19,1,327.2999996542934,4,2,2,8,Potential Loyalists,Low
16367,37,2,800.6699902713298,3,3,3,9,Potential Loyalists,Low
16368,2,2,479.909993380308,5,3,2,10,Potential Loyalists,Low
16369,18,3,1545.4099972695115,4,4,4,12,Need Attention,Low
16370,82,4,1301.9099929034714,2,4,4,10,Need Attention,Low
16372,33,2,355.7299974560738,3,3,2,8,Potential Loyalists,Low
16374,66,2,466.7299967706204,3,3,2,8,Lost Customers,Low
16376,9,2,974.9599938988687,5,3,4,12,Potential Loyalists,Low
16377,267,1,676.1999863386152,1,2,3,6,Lost Customers,High
16378,247,3,362.95000267028814,1,4,2,7,Lost Customers,High
16379,4,4,2157.3999840021124,5,4,5,14,Champions,Low
16380,61,1,1743.149995774031,3,2,4,9,Need Attention,Low
16383,75,2,643.7599972784519,2,3,3,8,Need Attention,Low
16384,90,2,584.4999990463257,2,3,3,8,Lost Customers,Low
16385,60,3,554.8599905371667,3,4,3,10,Need Attention,Low
16386,29,2,302.56999891251326,4,3,2,9,Potential Loyalists,Low
16387,323,1,94.3600006103515,1,2,1,4,Lost Customers,High
16389,53,4,1382.0699768066404,3,4,4,11,Need Attention,Low
16392,270,1,217.8899997472764,1,2,1,4,Lost Customers,High
16393,2,13,3040.959966152906,5,5,5,15,Champions,Low
16394,57,5,1555.3399751186375,3,4,4,11,Need Attention,Low
16395,61,5,1482.0599975883968,3,4,4,11,Need Attention,Low
16398,154,2,1705.79999858141,2,3,4,9,Need Attention,Medium
16399,19,2,408.01999391615385,4,3,2,9,Potential Loyalists,Low
16400,95,1,303.9299982786179,2,2,2,6,Lost Customers,Medium
16401,1,12,4098.320014327764,5,5,5,15,Champions,Low
16402,265,2,293.45000112056744,1,3,2,6,Lost Customers,High
16403,312,1,177.50000143051162,1,2,1,4,Lost Customers,High
16404,70,1,443.0499935150145,3,2,2,7,Lost Customers,Low
16405,302,2,167.2500017881394,1,3,1,5,Lost Customers,High
16406,19,1,154.34999826177955,4,2,1,7,Potential Loyalists,Low
16407,13,10,2079.6799935102467,5,5,5,15,Champions,Low
16409,36,5,2022.9799970388415,3,4,4,11,Need Attention,Low
16411,19,2,211.69999885559085,4,3,1,8,Potential Loyalists,Low
16412,54,1,135.99000036716458,3,2,1,6,Lost Customers,Low
16413,57,1,262.2000006437303,3,2,2,7,Lost Customers,Low
16414,22,2,126.24999904632574,4,3,1,8,Potential Loyalists,Low
16415,44,1,200.26999869942665,3,2,1,6,Lost Customers,Low
16416,27,3,1051.399998903275,4,4,4,12,Need Attention,Low
16418,45,3,631.1199944019318,3,4,3,10,Need Attention,Low
16419,113,6,958.7099943161011,2,5,4,11,Need Attention,Medium
16422,17,51,34684.39985036849,4,5,5,14,Champions,Low
16423,25,1,346.12000036239607,4,2,2,8,Potential Loyalists,Low
16424,191,1,133.5600018501282,1,2,1,4,Lost Customers,High
16425,302,1,302.6999969184401,1,2,2,5,Lost Customers,High
16426,2,10,1863.7599780261514,5,5,4,14,Champions,Low
16427,263,2,241.06000214815137,1,3,1,5,Lost Customers,High
16429,106,1,284.55000591278116,2,2,2,6,Lost Customers,Medium
16430,57,1,300.84999084472634,3,2,2,7,Lost Customers,Low
16431,213,3,623.2800041139125,1,4,3,8,Lost Customers,High
16432,64,1,287.4000039100648,3,2,2,7,Lost Customers,Low
16433,28,1,184.2599976658821,4,2,1,7,Potential Loyalists,Low
16434,29,7,1511.7999942004678,4,5,4,13,Need Attention,Low
16438,6,5,798.3499926626681,5,4,3,12,Potential Loyalists,Low
16440,8,5,3640.6699701547623,5,4,5,14,Champions,Low
16441,67,2,381.19999575614924,3,3,2,8,Lost Customers,Low
16442,2,3,609.2999956980349,5,4,3,12,Potential Loyalists,Low
16444,46,4,654.6700009107587,3,4,3,10,Need Attention,Low
16445,34,1,230.50999873876577,3,2,1,6,Potential Loyalists,Low
16446,1,2,168472.49382054814,5,3,5,13,Champions,Low
16447,136,1,255.90999546647078,2,2,2,6,Lost Customers,Medium
16448,198,1,182.99000108242038,1,2,1,4,Lost Customers,High
16449,198,2,707.6900005340575,1,3,3,7,Lost Customers,High
16450,150,1,311.92000389099115,2,2,2,6,Lost Customers,Medium
16451,88,1,266.9699985980986,2,2,2,6,Lost Customers,Low
16454,45,2,6.90000009536743,3,3,1,7,Lost Customers,Low
16455,64,7,1841.1799979209898,3,5,4,12,Need Attention,Low
16456,99,5,2158.1799933314323,2,4,5,11,Need Attention,Medium
16457,218,1,208.3599987030029,1,2,1,4,Lost Customers,High
16458,3,18,3482.7399583458878,5,5,5,15,Champions,Low
16460,28,3,811.2299972176553,4,4,3,11,Need Attention,Low
16461,178,1,142.91999787092203,2,2,1,5,Lost Customers,Medium
16462,74,3,136.0,2,4,1,7,Lost Customers,Low
16463,21,4,1422.3999896347523,4,4,4,12,Need Attention,Low
16464,20,3,1298.660000175238,4,4,4,12,Need Attention,Low
16466,34,7,1595.9599858522413,3,5,4,12,Need Attention,Low
16468,74,1,74.8999977111816,2,2,1,5,Lost Customers,Low
16469,24,4,625.4199943691492,4,4,3,11,Potential Loyalists,Low
16470,52,4,752.7699884474277,3,4,3,10,Need Attention,Low
16471,275,1,223.9499998092652,1,2,1,4,Lost Customers,High
16473,165,3,316.11000147461897,2,4,2,8,Lost Customers,Medium
16474,7,7,1810.6499895453455,5,5,4,14,Champions,Low
16475,88,4,544.2999963760376,2,4,3,9,Need Attention,Low
16477,64,7,2494.4599783420554,3,5,5,13,Need Attention,Low
16478,25,3,330.999995470047,4,4,2,10,Potential Loyalists,Low
16479,10,2,300.82999819517136,5,3,2,10,Potential Loyalists,Low
16480,76,1,769.28998285532,2,2,3,7,Lost Customers,Low
16482,16,1,220.6199992895126,4,2,1,7,Potential Loyalists,Low
16483,192,1,139.34999859333033,1,2,1,4,Lost Customers,High
16484,174,2,404.2999975681304,2,3,2,7,Lost Customers,Medium
16485,77,1,363.6499965786934,2,2,2,6,Lost Customers,Low
16488,33,3,498.79999786615394,3,4,3,10,Potential Loyalists,Low
16491,47,1,731.4999924898148,3,2,3,8,Potential Loyalists,Low
16493,80,4,1351.6299985945227,2,4,4,10,Need Attention,Low
16494,297,1,826.5300086140633,1,2,3,6,Lost Customers,High
16495,3,3,648.2599964439869,5,4,3,12,Potential Loyalists,Low
16496,9,3,1599.5199784338474,5,4,4,13,Potential Loyalists,Low
16497,50,6,2965.6899967193604,3,5,5,13,Need Attention,Low
16498,161,2,100.96999877691267,2,3,1,6,Lost Customers,Medium
16499,360,2,365.4500002861023,1,3,2,6,Lost Customers,High
16500,5,6,400.86000299453735,5,5,2,12,Potential Loyalists,Low
16503,107,4,1431.9299883842468,2,4,4,10,Need Attention,Medium
16504,25,1,465.87999597191805,4,2,2,8,Potential Loyalists,Low
16505,32,1,777.5999879837041,4,2,3,9,Potential Loyalists,Low
16506,20,2,90.3000011444092,4,3,1,8,Potential Loyalists,Low
16509,297,1,363.699999332428,1,2,2,5,Lost Customers,High
16510,372,1,248.09999775886538,1,2,1,4,Lost Customers,High
16511,22,3,918.3299915790559,4,4,3,11,Potential Loyalists,Low
16513,5,4,874.58999812603,5,4,3,12,Potential Loyalists,Low
16515,52,5,1624.1400062441824,3,4,4,11,Need Attention,Low
16516,30,1,101.7000005245208,4,2,1,7,Lost Customers,Low
16517,277,1,162.69999885559093,1,2,1,4,Lost Customers,High
16518,61,2,484.31999832391745,3,3,2,8,Lost Customers,Low
16519,25,2,215.0799996852875,4,3,1,8,Potential Loyalists,Low
16520,186,3,1046.5699937343597,1,4,4,9,Need Attention,High
16523,2,21,9418.469809949394,5,5,5,15,Champions,Low
16525,2,26,13027.449882268906,5,5,5,15,Champions,Low
16526,172,1,290.35999917984,2,2,2,6,Lost Customers,Medium
16527,81,1,228.06000232696533,2,2,1,5,Lost Customers,Low
16528,4,1,244.40999889373782,5,2,1,8,Potential Loyalists,Low
16529,190,1,455.2499955296517,1,2,2,5,Lost Customers,High
16531,22,7,1244.5899974107742,4,5,4,13,Need Attention,Low
16532,18,3,6748.8000869750995,4,4,5,13,Need Attention,Low
16533,19,3,1082.8099981546404,4,4,4,12,Need Attention,Low
16535,5,1,593.749997407198,5,2,3,10,Potential Loyalists,Low
16536,110,1,548.1199966669084,2,2,3,7,Lost Customers,Medium
16539,3,4,1388.8099946975706,5,4,4,13,Potential Loyalists,Low
16542,54,1,119.6200003623962,3,2,1,6,Lost Customers,Low
16545,165,1,339.2999897003178,2,2,2,6,Lost Customers,Medium
16546,291,2,787.1499981880182,1,3,3,7,Lost Customers,High
16549,10,10,4034.8999762907624,5,5,5,15,Champions,Low
16550,109,5,2298.9700033664703,2,4,5,11,Need Attention,Medium
16551,96,3,922.1200008392333,2,4,3,9,Need Attention,Medium
16552,243,2,379.7300009727478,1,3,2,6,Lost Customers,High
16553,163,12,5719.819996714591,2,5,5,12,Need Attention,Medium
16554,42,3,837.0999933481214,3,4,3,10,Need Attention,Low
16555,35,2,285.8899960517883,3,3,2,8,Potential Loyalists,Low
16556,67,7,3313.7899696826944,3,5,5,13,Need Attention,Low
16557,24,2,281.8500003814697,4,3,2,9,Potential Loyalists,Low
16558,1,20,8338.489898681639,5,5,5,15,Champions,Low
16560,27,2,841.4099959135059,4,3,3,10,Potential Loyalists,Low
16561,6,2,511.11999821662897,5,3,3,11,Potential Loyalists,Low
16563,54,1,1077.7400106191628,3,2,4,9,Need Attention,Low
16565,364,1,173.7000007629398,1,2,1,4,Lost Customers,High
16566,15,5,614.6599905490872,4,4,3,11,Potential Loyalists,Low
16567,194,2,865.5999965667721,1,3,3,7,Lost Customers,High
16569,3,1,124.1999978721143,5,2,1,8,Potential Loyalists,Low
16570,15,10,3738.3999774456015,4,5,5,14,Champions,Low
16571,27,3,1421.6900016367435,4,4,4,12,Need Attention,Low
16572,127,3,1009.599999189377,2,4,4,10,Need Attention,Medium
16573,85,2,663.6099976003171,2,3,3,8,Lost Customers,Low
16574,71,1,451.43999910354614,3,2,2,7,Lost Customers,Low
16581,183,1,105.83999997377406,1,2,1,4,Lost Customers,High
16582,113,1,313.6200006604189,2,2,2,6,Lost Customers,Medium
16583,374,1,233.4499998092652,1,2,1,4,Lost Customers,High
16584,80,2,936.0799844861037,2,3,4,9,Need Attention,Low
16586,249,1,463.9499969482422,1,2,2,5,Lost Customers,High
16587,232,1,225.15000009536743,1,2,1,4,Lost Customers,High
16589,71,3,459.24000287055975,3,4,2,9,Need Attention,Low
16591,69,1,213.4999957084657,3,2,1,6,Lost Customers,Low
16592,4,16,4113.679972857237,5,5,5,15,Champions,Low
16593,51,3,330.02999824285513,3,4,2,9,Potential Loyalists,Low
16594,75,1,181.08999705314633,2,2,1,5,Lost Customers,Low
16595,61,1,360.1599949486556,3,2,2,7,Lost Customers,Low
16596,16,2,250.1499977111815,4,3,2,9,Potential Loyalists,Low
16597,4,1,90.04000020027156,5,2,1,8,Potential Loyalists,Low
16598,286,1,145.0500013828277,1,2,1,4,Lost Customers,High
16600,4,6,813.5199940502646,5,5,3,13,Potential Loyalists,Low
16601,41,1,242.69999742507932,3,2,1,6,Lost Customers,Low
16602,36,1,528.0800008773805,3,2,3,8,Potential Loyalists,Low
16603,75,2,482.4699952304362,2,3,2,7,Lost Customers,Low
16607,18,14,3347.7099732607617,4,5,5,14,Champions,Low
16609,15,7,5493.459934771058,4,5,5,14,Champions,Low
16610,219,1,75.66000008583079,1,2,1,4,Lost Customers,High
16611,186,1,129.4900006055832,1,2,1,4,Lost Customers,High
16612,33,4,1187.6599843502038,3,4,4,11,Need Attention,Low
16613,70,1,618.5899996757507,3,2,3,8,Lost Customers,Low
16614,183,1,506.18999385833763,1,2,3,6,Lost Customers,High
16616,15,2,500.41999417543406,4,3,3,10,Potential Loyalists,Low
16617,236,1,151.85000085830688,1,2,1,4,Lost Customers,High
16618,31,5,2647.5900065898895,4,4,5,13,Need Attention,Low
16619,264,1,226.209997177124,1,2,1,4,Lost Customers,High
16620,4,2,178.9599974155425,5,3,1,9,Potential Loyalists,Low
16621,52,4,813.4799938201904,3,4,3,10,Need Attention,Low
16623,246,1,129.44999814033505,1,2,1,4,Lost Customers,High
16624,81,2,810.5700054168701,2,3,3,8,Need Attention,Low
16625,275,1,333.0800000429154,1,2,2,5,Lost Customers,High
16626,1,17,4413.099982261658,5,5,5,15,Champions,Low
16627,79,1,322.80000019073486,2,2,2,6,Lost Customers,Low
16628,30,5,2188.0499665737143,4,4,5,13,Need Attention,Low
16629,74,2,408.62999537587166,2,3,2,7,Lost Customers,Low
16633,17,6,2883.099985718727,4,5,5,14,Champions,Low
16634,223,2,217.9000010490418,1,3,1,5,Lost Customers,High
16637,32,4,1154.4700000286102,4,4,4,12,Need Attention,Low
16638,23,10,1680.7199915349486,4,5,4,13,Champions,Low
16639,31,3,1257.5099933147428,4,4,4,12,Need Attention,Low
16641,106,1,231.10000014305137,2,2,1,5,Lost Customers,Medium
16642,5,2,688.329994916916,5,3,3,11,Potential Loyalists,Low
16643,246,1,487.51000046730036,1,2,3,6,Lost Customers,High
16644,178,2,833.7799926400189,2,3,3,8,Lost Customers,Medium
16647,170,2,214.05999732017528,2,3,1,6,Lost Customers,Medium
16648,43,1,290.65999665856367,3,2,2,7,Lost Customers,Low
16650,72,1,518.4200006723404,2,2,3,7,Lost Customers,Low
16652,59,7,6773.969985008241,3,5,5,13,Need Attention,Low
16653,16,2,1212.6599977314474,4,3,4,11,Potential Loyalists,Low
16654,141,4,601.2699999809265,2,4,3,9,Need Attention,Medium
16655,18,6,3789.5199596881866,4,5,5,14,Champions,Low
16656,22,15,8625.799981832504,4,5,5,14,Champions,Low
16657,10,4,874.4299936443572,5,4,3,12,Potential Loyalists,Low
16658,368,1,123.23999619483942,1,2,1,4,Lost Customers,High
16659,189,1,39.119999885559096,1,2,1,4,Lost Customers,High
16660,16,4,1267.649985313416,4,4,4,12,Need Attention,Low
16665,362,1,135.40000152587893,1,2,1,4,Lost Customers,High
16666,19,1,118.97999791800994,4,2,1,7,Potential Loyalists,Low
16667,68,2,567.1799943447113,3,3,3,9,Lost Customers,Low
16668,15,6,306.71999645233166,4,5,2,11,Potential Loyalists,Low
16669,24,3,1348.8799944669008,4,4,4,12,Need Attention,Low
16670,17,11,4095.8999638557434,4,5,5,14,Champions,Low
16671,28,3,1692.2699480056772,4,4,4,12,Need Attention,Low
16672,2,20,8134.939940690994,5,5,5,15,Champions,Low
16674,55,2,304.2399971783162,3,3,2,8,Lost Customers,Low
16676,34,4,1592.1199915409086,3,4,4,11,Need Attention,Low
16678,3,12,3109.9899768233304,5,5,5,15,Champions,Low
16679,366,1,129.75,1,2,1,4,Lost Customers,High
16680,43,1,183.700001001358,3,2,1,6,Lost Customers,Low
16681,73,6,1770.3399879634385,2,5,4,11,Need Attention,Low
16682,5,5,1028.0000053644185,5,4,4,13,Potential Loyalists,Low
16684,4,28,66653.55945622922,5,5,5,15,Champions,Low
16685,61,2,324.2399956882001,3,3,2,8,Lost Customers,Low
16686,47,7,2959.879978872837,3,5,5,13,Need Attention,Low
16688,1,4,1260.8599888682368,5,4,4,13,Potential Loyalists,Low
16689,76,2,422.6000015735626,2,3,2,7,Lost Customers,Low
16690,72,2,225.58000159263614,2,3,1,6,Lost Customers,Low
16692,256,2,1275.99997138977,1,3,4,8,Need Attention,High
16693,69,2,477.85999849438684,3,3,2,8,Lost Customers,Low
16696,135,4,657.8999838829042,2,4,3,9,Need Attention,Medium
16697,241,1,112.74999958276749,1,2,1,4,Lost Customers,High
16698,227,2,1997.999963760376,1,3,4,8,Need Attention,High
16700,9,13,5076.549957185984,5,5,5,15,Champions,Low
16701,9,13,5398.29993325472,5,5,5,15,Champions,Low
16705,1,20,14034.98994424939,5,5,5,15,Champions,Low
16706,37,3,531.3499947637323,3,4,3,10,Potential Loyalists,Low
16708,46,1,656.6299996376035,3,2,3,8,Potential Loyalists,Low
16709,85,5,3029.869987964629,2,4,5,11,Need Attention,Low
16710,19,10,2467.989975154401,4,5,5,14,Champions,Low
16711,3,5,1651.0299896001818,5,4,4,13,Champions,Low
16712,9,11,3611.309965968132,5,5,5,15,Champions,Low
16713,19,15,6910.779954612256,4,5,5,14,Champions,Low
16714,219,3,1129.059997469187,1,4,4,9,Need Attention,High
16715,78,1,301.7200016975404,2,2,2,6,Lost Customers,Low
16716,267,2,901.200004577636,1,3,3,7,Lost Customers,High
16717,24,6,3843.079972445965,4,5,5,14,Champions,Low
16718,369,1,606.0499920845033,1,2,3,6,Lost Customers,High
16719,15,7,1770.219977438451,4,5,4,13,Champions,Low
16720,26,1,152.94999800622486,4,2,1,7,Potential Loyalists,Low
16721,262,1,292.4699990749359,1,2,2,5,Lost Customers,High
16722,17,13,4730.809977471829,4,5,5,14,Champions,Low
16723,91,2,576.399996995926,2,3,3,8,Lost Customers,Medium
16725,302,7,758.269990846515,1,5,3,9,Need Attention,High
16726,26,5,1358.7399868071084,4,4,4,12,Need Attention,Low
16727,364,1,256.320001155138,1,2,2,5,Lost Customers,High
16728,46,4,1048.279993250966,3,4,4,11,Need Attention,Low
16729,38,21,7205.329972073437,3,5,5,13,Champions,Low
16730,52,3,743.1099899411205,3,4,3,10,Need Attention,Low
16732,32,1,603.7499960660934,4,2,3,9,Potential Loyalists,Low
16734,52,3,646.7599956989287,3,4,3,10,Need Attention,Low
16735,79,5,2247.409985244274,2,4,5,11,Need Attention,Low
16737,53,1,417.60001373291,3,2,2,7,Lost Customers,Low
16738,298,1,3.75,1,2,1,4,Lost Customers,High
16739,177,1,322.99999666213984,2,2,2,6,Lost Customers,Medium
16742,47,1,464.899993896484,3,2,2,7,Lost Customers,Low
16743,29,7,2213.1299806833267,4,5,5,14,Need Attention,Low
16744,11,7,1291.9099935591223,5,5,4,14,Champions,Low
16745,87,17,7180.700018346308,2,5,5,12,Champions,Low
16746,5,18,6680.109923154112,5,5,5,15,Champions,Low
16747,38,2,836.0599971115588,3,3,3,9,Need Attention,Low
16748,18,5,1515.8999958038319,4,4,4,12,Need Attention,Low
16750,45,5,623.9299949705601,3,4,3,10,Need Attention,Low
16751,31,1,1764.7199960052974,4,2,4,10,Need Attention,Low
16752,373,1,207.49999761581432,1,2,1,4,Lost Customers,High
16753,58,1,223.9199942946435,3,2,1,6,Lost Customers,Low
16754,372,1,2002.399940490725,1,2,4,7,Lost Customers,High
16755,114,3,1475.4299960434446,2,4,4,10,Need Attention,Medium
16756,215,1,239.39999890327448,1,2,1,4,Lost Customers,High
16757,319,1,106.82999897003177,1,2,1,4,Lost Customers,High
16758,65,1,369.33999741077434,3,2,2,7,Lost Customers,Low
16759,8,3,789.7899944186212,5,4,3,12,Potential Loyalists,Low
16761,97,1,316.6199981272221,2,2,2,6,Lost Customers,Medium
16762,20,3,1207.2399897575376,4,4,4,12,Need Attention,Low
16763,199,1,611.8499970436095,1,2,3,6,Lost Customers,High
16764,4,13,2790.9499832391743,5,5,5,15,Champions,Low
16765,294,1,34.0,1,2,1,4,Lost Customers,High
16766,273,2,1145.5999994277954,1,3,4,8,Lost Customers,High
16767,31,11,5575.559940323234,4,5,5,14,Champions,Low
16768,48,3,478.08999514579784,3,4,2,9,Need Attention,Low
16769,260,1,361.539994955063,1,2,2,5,Lost Customers,High
16770,58,5,757.0999933183195,3,4,3,10,Need Attention,Low
16771,33,5,2242.6099839210515,3,4,5,12,Need Attention,Low
16773,57,1,171.58999717235568,3,2,1,6,Lost Customers,Low
16774,68,4,661.5199929773809,3,4,3,10,Need Attention,Low
16775,10,11,1691.509981811047,5,5,4,14,Champions,Low
16776,60,1,371.5399968326092,3,2,2,7,Lost Customers,Low
16777,80,2,222.61999791860586,2,3,1,6,Lost Customers,Low
16778,74,2,245.94000148773193,2,3,1,6,Lost Customers,Low
16779,2,22,10611.71998158097,5,5,5,15,Champions,Low
16780,100,2,422.23999851942074,2,3,2,7,Lost Customers,Medium
16781,372,1,311.2499966621399,1,2,2,5,Lost Customers,High
16782,10,13,2267.9499928951263,5,5,5,15,Champions,Low
16784,20,1,107.5999984741211,4,2,1,7,Potential Loyalists,Low
16788,123,2,594.3899950683118,2,3,3,8,Lost Customers,Medium
16789,8,1,80.8000006675721,5,2,1,8,Potential Loyalists,Low
16790,4,6,1545.6199879646297,5,5,4,14,Champions,Low
16791,29,7,1705.779992938042,4,5,4,13,Need Attention,Low
16792,282,2,110.38000050187111,1,3,1,5,Lost Customers,High
16793,57,1,243.840000629425,3,2,1,6,Lost Customers,Low
16794,1,10,1196.4999890327451,5,5,4,14,Champions,Low
16795,365,1,414.87999778985983,1,2,2,5,Lost Customers,High
16796,89,1,305.6200006008148,2,2,2,6,Lost Customers,Low
16800,11,1,1162.6499913036826,5,2,4,11,Potential Loyalists,Low
16801,163,4,1594.2299892902379,2,4,4,10,Need Attention,Medium
16803,65,1,332.299998253584,3,2,2,7,Lost Customers,Low
16804,23,3,536.9899944066999,4,4,3,11,Potential Loyalists,Low
16805,174,2,460.5899962484837,2,3,2,7,Lost Customers,Medium
16806,103,4,762.160003453493,2,4,3,9,Need Attention,Medium
16807,143,3,1121.589992344379,2,4,4,10,Need Attention,Medium
16808,99,2,288.4200006723404,2,3,2,7,Lost Customers,Medium
16809,23,5,914.6899849772449,4,4,3,11,Need Attention,Low
16810,192,1,309.5399935245511,1,2,2,5,Lost Customers,High
16811,5,2,547.0699973106383,5,3,3,11,Potential Loyalists,Low
16812,361,1,479.349995613098,1,2,2,5,Lost Customers,High
16813,8,10,1652.1799788177013,5,5,4,14,Champions,Low
16814,14,21,6416.699945807457,4,5,5,14,Champions,Low
16816,103,4,417.0599975585937,2,4,2,8,Need Attention,Medium
16817,3,9,1604.7499986290932,5,5,4,14,Champions,Low
16818,11,11,3349.569978095591,5,5,5,15,Champions,Low
16820,96,1,497.61000216007244,2,2,3,7,Lost Customers,Medium
16823,227,1,358.37999790906906,1,2,2,5,Lost Customers,High
16824,16,2,460.6399986743927,4,3,2,9,Potential Loyalists,Low
16825,39,2,775.1799938678741,3,3,3,9,Need Attention,Low
16826,51,1,341.69999897480005,3,2,2,7,Lost Customers,Low
16828,93,2,128.499997138977,2,3,1,6,Lost Customers,Medium
16829,157,1,197.2199956476688,2,2,1,5,Lost Customers,Medium
16830,39,1,325.9099982082846,3,2,2,7,Potential Loyalists,Low
16832,184,3,199.1499981880189,1,4,1,6,Lost Customers,High
16833,1,4,1106.5299960672853,5,4,4,13,Potential Loyalists,Low
16834,228,1,413.46000504493713,1,2,2,5,Lost Customers,High
16835,128,2,180.84999465942371,2,3,1,6,Lost Customers,Medium
16836,40,2,251.8699951171876,3,3,2,8,Potential Loyalists,Low
16837,31,11,3170.9799696207047,4,5,5,14,Champions,Low
16838,197,2,588.8500015735627,1,3,3,7,Lost Customers,High
16839,9,34,16594.34971249104,5,5,5,15,Champions,Low
16841,37,6,1869.8199866414072,3,5,4,12,Need Attention,Low
16842,101,3,1264.190003991127,2,4,4,10,Need Attention,Medium
16843,43,16,10196.569931328297,3,5,5,13,Champions,Low
16846,50,1,214.3199984133245,3,2,1,6,Lost Customers,Low
16847,43,1,193.4400010108947,3,2,1,6,Lost Customers,Low
16848,53,1,281.4200029373168,3,2,2,7,Lost Customers,Low
16849,187,1,124.56999969482429,1,2,1,4,Lost Customers,High
16850,334,1,332.4099980592727,1,2,2,5,Lost Customers,High
16851,4,3,342.4499983787537,5,4,2,11,Potential Loyalists,Low
16852,10,2,144.9099996089935,5,3,1,9,Potential Loyalists,Low
16855,24,2,328.40000009536743,4,3,2,9,Potential Loyalists,Low
16856,15,1,35.4000005722046,4,2,1,7,Potential Loyalists,Low
16858,369,1,375.6899948120116,1,2,2,5,Lost Customers,High
16859,145,2,747.8099948167807,2,3,3,8,Lost Customers,Medium
16861,60,2,173.7599997520448,3,3,1,7,Lost Customers,Low
16863,31,2,502.80000177025806,4,3,3,10,Potential Loyalists,Low
16866,141,3,207.7399981617927,2,4,1,7,Lost Customers,Medium
16869,23,4,817.1199957802891,4,4,3,11,Need Attention,Low
16871,22,6,2812.3399969339366,4,5,5,14,Need Attention,Low
16872,77,3,680.0199694633488,2,4,3,9,Need Attention,Low
16873,5,6,7123.619988322259,5,5,5,15,Champions,Low
16875,67,5,2095.5299904346466,3,4,5,12,Need Attention,Low
16877,12,6,846.6199923157692,5,5,3,13,Need Attention,Low
16878,84,1,13.299999833106991,2,2,1,5,Lost Customers,Low
16880,31,7,1491.4299842417242,4,5,4,13,Need Attention,Low
16881,67,1,432.000017166138,3,2,2,7,Lost Customers,Low
16882,67,3,705.1199966073041,3,4,3,10,Need Attention,Low
16883,187,2,272.4799987077714,1,3,2,6,Lost Customers,High
16884,38,2,429.83999761939054,3,3,2,8,Potential Loyalists,Low
16885,15,3,450.40999414026743,4,4,2,10,Potential Loyalists,Low
16887,35,1,192.3299991637468,3,2,1,6,Lost Customers,Low
16889,195,3,1578.6699928939345,1,4,4,9,Need Attention,High
16891,2,5,742.4299940615896,5,4,3,12,Potential Loyalists,Low
16892,1,5,518.1899999827149,5,4,3,12,Potential Loyalists,Low
16893,367,1,145.92999994754797,1,2,1,4,Lost Customers,High
16895,65,1,202.26999813318253,3,2,1,6,Lost Customers,Low
16897,299,2,289.77999806404114,1,3,2,6,Lost Customers,High
16898,26,3,501.02999551221734,4,4,3,11,Potential Loyalists,Low
16899,8,6,1271.0599954724314,5,5,4,14,Champions,Low
16900,17,3,887.1099994182587,4,4,3,11,Potential Loyalists,Low
16902,116,1,1706.8799886107447,2,2,4,8,Need Attention,Medium
16903,29,1,363.19999787211424,4,2,2,8,Potential Loyalists,Low
16904,4,16,3653.749960690737,5,5,5,15,Champions,Low
16905,5,7,3037.599973544479,5,5,5,15,Champions,Low
16906,82,4,559.5899931788446,2,4,3,9,Need Attention,Low
16907,29,5,928.7599909603599,4,4,3,11,Need Attention,Low
16909,72,1,379.1399962902069,2,2,2,6,Lost Customers,Low
16910,4,8,1508.9599904865029,5,5,4,14,Champions,Low
16912,29,11,2555.5799850523467,4,5,5,14,Champions,Low
16913,290,1,113.44000107049939,1,2,1,4,Lost Customers,High
16914,36,1,183.75999659299848,3,2,1,6,Lost Customers,Low
16915,9,6,621.679997324943,5,5,3,13,Potential Loyalists,Low
16916,24,2,562.409997701645,4,3,3,10,Potential Loyalists,Low
16917,277,1,391.5199890136723,1,2,2,5,Lost Customers,High
16918,50,6,1068.8199935257435,3,5,4,12,Need Attention,Low
16919,156,11,2592.249965101481,2,5,5,12,Need Attention,Medium
16921,61,1,154.17999875545502,3,2,1,6,Lost Customers,Low
16923,12,19,7069.07995814085,5,5,5,15,Champions,Low
16924,21,3,829.8899894952773,4,4,3,11,Potential Loyalists,Low
16926,371,1,230.24999761581438,1,2,1,4,Lost Customers,High
16927,116,3,543.0499856472024,2,4,3,9,Need Attention,Medium
16928,80,17,2814.700007855892,2,5,5,12,Champions,Low
16929,4,7,1295.3899817466727,5,5,4,14,Champions,Low
16930,26,3,378.8899990320206,4,4,2,10,Potential Loyalists,Low
16931,5,21,4554.86996743083,5,5,5,15,Champions,Low
16932,53,1,150.22999912500387,3,2,1,6,Lost Customers,Low
16933,1,2,563.2299969866873,5,3,3,11,Potential Loyalists,Low
16934,55,2,931.030001282692,3,3,3,9,Need Attention,Low
16936,26,1,261.9000003337859,4,2,2,8,Potential Loyalists,Low
16938,9,4,2711.680004298687,5,4,5,14,Champions,Low
16940,52,3,3049.87997302413,3,4,5,12,Need Attention,Low
16942,13,9,1904.9899745583539,5,5,4,14,Champions,Low
16943,212,3,816.7299880981443,1,4,3,8,Need Attention,High
16945,22,19,4345.499942302701,4,5,5,14,Champions,Low
16947,236,1,406.4799971580504,1,2,2,5,Lost Customers,High
16948,139,3,435.01998987793917,2,4,2,8,Lost Customers,Medium
16949,4,6,1286.2699937522416,5,5,4,14,Champions,Low
16950,57,3,1178.5599862337108,3,4,4,11,Need Attention,Low
16951,135,3,1277.7500039041047,2,4,4,10,Need Attention,Medium
16952,109,2,167.60999745130545,2,3,1,6,Lost Customers,Medium
16953,30,1,20.7999992370605,4,2,1,7,Lost Customers,Low
16954,1,9,2085.079996109008,5,5,5,15,Champions,Low
16955,185,4,518.6699998378753,1,4,3,8,Need Attention,High
16956,18,1,308.7399967908858,4,2,2,8,Potential Loyalists,Low
16957,239,2,416.63999164104445,1,3,2,6,Lost Customers,High
16959,87,1,117.34999918937676,2,2,1,5,Lost Customers,Low
16960,39,3,507.0499970018864,3,4,3,10,Potential Loyalists,Low
16961,116,1,234.1700010299683,2,2,1,5,Lost Customers,Medium
16963,187,1,110.54999971389769,1,2,1,4,Lost Customers,High
16965,227,1,201.18999773263943,1,2,1,4,Lost Customers,High
16966,8,7,2154.9699914455427,5,5,5,15,Champions,Low
16967,189,1,319.0200023353102,1,2,2,5,Lost Customers,High
16968,4,2,439.42999652028084,5,3,2,10,Potential Loyalists,Low
16969,39,3,650.4099943637848,3,4,3,10,Need Attention,Low
16971,38,1,357.2099991440773,3,2,2,7,Potential Loyalists,Low
16976,267,1,251.51999282836897,1,2,2,5,Lost Customers,High
16978,78,1,344.33000016212475,2,2,2,6,Lost Customers,Low
16979,4,6,1851.9999705553053,5,5,4,14,Champions,Low
16980,255,2,1028.4599834382534,1,3,4,8,Lost Customers,High
16982,61,1,384.0599980354308,3,2,2,7,Lost Customers,Low
16983,13,7,1905.8699923604727,5,5,4,14,Champions,Low
16984,88,2,4459.519968539476,2,3,5,10,Need Attention,Low
16985,17,10,5464.1199644207945,4,5,5,14,Champions,Low
16986,30,2,1873.1999588012723,4,3,4,11,Need Attention,Low
16987,3,7,1616.7999810874464,5,5,4,14,Champions,Low
16988,5,1,126.120001077652,5,2,1,8,Potential Loyalists,Low
16989,7,6,1133.249971747397,5,5,4,14,Champions,Low
16990,219,1,178.999996185303,1,2,1,4,Lost Customers,High
16992,11,5,1614.3099866509435,5,4,4,13,Need Attention,Low
16996,30,6,1456.9599938392637,4,5,4,13,Need Attention,Low
16997,288,3,702.0000171661379,1,4,3,8,Lost Customers,High
16998,150,4,295.00000238418545,2,4,2,8,Lost Customers,Medium
16999,23,2,484.81999301910423,4,3,2,9,Potential Loyalists,Low
17001,1,11,3989.569965332746,5,5,5,15,Champions,Low
17002,86,3,1493.729995250702,2,4,4,10,Need Attention,Low
17004,46,2,1312.1399760842316,3,3,4,10,Need Attention,Low
17006,5,4,781.7799923419951,5,4,3,12,Potential Loyalists,Low
17007,51,6,889.929999172688,3,5,3,11,Need Attention,Low
17010,18,1,195.3599979877472,4,2,1,7,Potential Loyalists,Low
17011,30,1,270.8999998569488,4,2,2,8,Potential Loyalists,Low
17014,8,3,583.4299983680248,5,4,3,12,Potential Loyalists,Low
17015,29,3,1838.6099835038194,4,4,4,12,Need Attention,Low
17017,3,20,8694.260032087563,5,5,5,15,Champions,Low
17018,41,2,920.0999951362608,3,3,3,9,Need Attention,Low
17019,11,4,1258.0799886584284,5,4,4,13,Potential Loyalists,Low
17022,31,1,70.99999833106988,4,2,1,7,Lost Customers,Low
17024,45,3,95.84999942779541,3,4,1,8,Lost Customers,Low
17025,61,3,357.7699959278108,3,4,2,9,Lost Customers,Low
17026,185,2,154.8300046920776,1,3,1,5,Lost Customers,High
17027,79,6,877.559995353222,2,5,3,10,Need Attention,Low
17029,111,2,715.99998474121,2,3,3,8,Lost Customers,Medium
17030,64,1,146.86999884247794,3,2,1,6,Lost Customers,Low
17031,12,2,380.3499937057491,5,3,2,10,Potential Loyalists,Low
17033,86,3,1030.1399773061282,2,4,4,10,Need Attention,Low
17034,16,3,745.5200006067753,4,4,3,11,Potential Loyalists,Low
17035,246,2,433.5300011634827,1,3,2,6,Lost Customers,High
17037,88,1,1267.3199949264522,2,2,4,8,Lost Customers,Low
17038,30,1,112.3999977111817,4,2,1,7,Potential Loyalists,Low
17040,138,1,449.72999650239933,2,2,2,6,Lost Customers,Medium
17041,27,3,1071.489994347096,4,4,4,12,Need Attention,Low
17042,3,5,1036.5799939632416,5,4,4,13,Potential Loyalists,Low
17043,32,4,1735.1799917817116,4,4,4,12,Need Attention,Low
17044,25,1,948.479999542236,4,2,4,10,Potential Loyalists,Low
17045,113,3,339.4400015473366,2,4,2,8,Lost Customers,Medium
17046,157,1,642.0199960470201,2,2,3,7,Lost Customers,Medium
17047,85,3,1100.8999943733218,2,4,4,10,Need Attention,Low
17048,118,3,925.3499912023543,2,4,3,9,Need Attention,Medium
17049,3,9,5655.029930263756,5,5,5,15,Champions,Low
17050,96,6,3185.6399696469302,2,5,5,12,Need Attention,Medium
17051,194,1,240.8900016546249,1,2,1,4,Lost Customers,High
17052,28,1,399.08999979496,4,2,2,8,Potential Loyalists,Low
17053,131,1,498.47999572753895,2,2,3,7,Lost Customers,Medium
17054,28,5,1356.3299893140797,4,4,4,12,Need Attention,Low
17058,82,3,1179.8899877369404,2,4,4,10,Need Attention,Low
17059,30,5,3080.389964014292,4,4,5,13,Need Attention,Low
17060,266,1,234.23999118804937,1,2,1,4,Lost Customers,High
17061,74,11,5232.2299990654,2,5,5,12,Champions,Low
17062,314,4,533.329999089241,1,4,3,8,Lost Customers,High
17063,21,7,1461.1399862766264,4,5,4,13,Need Attention,Low
17064,59,3,855.4499957561492,3,4,3,10,Need Attention,Low
17068,12,21,4552.139919459816,5,5,5,15,Champions,Low
17069,28,9,2709.6999846100803,4,5,5,14,Champions,Low
17070,114,1,304.23999655246735,2,2,2,6,Lost Customers,Medium
17071,28,9,2429.0299628376956,4,5,5,14,Champions,Low
17073,18,4,1446.089983046055,4,4,4,12,Need Attention,Low
17075,18,4,834.1199945509435,4,4,3,11,Potential Loyalists,Low
17076,36,3,841.0799849033356,3,4,3,10,Need Attention,Low
17078,36,2,378.1999933421611,3,3,2,8,Potential Loyalists,Low
17079,78,1,118.7999954223632,2,2,1,5,Lost Customers,Low
17080,22,2,287.61999607086193,4,3,2,9,Potential Loyalists,Low
17081,25,2,288.9099960029126,4,3,2,9,Potential Loyalists,Low
17082,33,2,2003.8499920368197,3,3,4,10,Need Attention,Low
17083,109,3,1405.780024290085,2,4,4,10,Need Attention,Medium
17084,35,2,2747.9899748563766,3,3,5,11,Need Attention,Low
17085,123,5,1562.3999919891362,2,4,4,10,Need Attention,Medium
17086,7,6,2050.079983353615,5,5,4,14,Champions,Low
17088,28,4,1991.0099840164178,4,4,4,12,Need Attention,Low
17090,4,7,1974.6499781608577,5,5,4,14,Champions,Low
17091,3,9,3827.7599227428404,5,5,5,15,Champions,Low
17092,50,4,1774.0299852490423,3,4,4,11,Need Attention,Low
17094,322,1,301.99999475479115,1,2,2,5,Lost Customers,High
17095,23,3,1324.159980893135,4,4,4,12,Need Attention,Low
17096,15,4,1022.1299855709074,4,4,4,12,Need Attention,Low
17097,2,8,954.4200011640788,5,5,4,14,Champions,Low
17100,18,2,971.7399920225145,4,3,4,11,Potential Loyalists,Low
17101,10,4,1621.7299921512604,5,4,4,13,Need Attention,Low
17102,262,1,25.5,1,2,1,4,Lost Customers,High
17105,159,2,665.7799980044366,2,3,3,8,Lost Customers,Medium
17107,33,6,10797.479969993234,3,5,5,13,Champions,Low
17109,29,6,881.2899984717369,4,5,3,12,Need Attention,Low
17110,165,1,163.29999876022345,2,2,1,5,Lost Customers,Medium
17111,47,1,231.60999947786354,3,2,1,6,Lost Customers,Low
17114,6,8,801.1199925541881,5,5,3,13,Champions,Low
17115,8,3,837.4999811649317,5,4,3,12,Potential Loyalists,Low
17117,288,1,116.20000028610234,1,2,1,4,Lost Customers,High
17118,318,1,157.01999664306626,1,2,1,4,Lost Customers,High
17119,3,2,606.9099936485289,5,3,3,11,Potential Loyalists,Low
17120,233,1,307.4599969387053,1,2,2,5,Lost Customers,High
17122,119,1,138.3200001716614,2,2,1,5,Lost Customers,Medium
17123,162,1,345.2999997138977,2,2,2,6,Lost Customers,Medium
17124,185,1,294.23999330401426,1,2,2,5,Lost Customers,High
17125,50,1,230.50000002980232,3,2,1,6,Lost Customers,Low
17126,152,5,989.4499947279693,2,4,4,10,Need Attention,Medium
17128,335,1,157.0900008678437,1,2,1,4,Lost Customers,High
17131,5,5,2463.169995993376,5,4,5,14,Champions,Low
17133,16,7,4892.24005377293,4,5,5,14,Champions,Low
17134,107,2,413.1999971866608,2,3,2,7,Lost Customers,Medium
17135,16,7,1139.7299863100052,4,5,4,13,Need Attention,Low
17138,276,1,380.49999713897705,1,2,2,5,Lost Customers,High
17139,16,12,10650.769953250883,4,5,5,14,Champions,Low
17140,247,1,454.11999636888464,1,2,2,5,Lost Customers,High
17142,239,1,579.0,1,2,3,6,Lost Customers,High
17144,1,2,984.5699961185453,5,3,4,12,Potential Loyalists,Low
17146,106,3,749.7799961566926,2,4,3,9,Need Attention,Medium
17147,23,4,1714.589995384216,4,4,4,12,Need Attention,Low
17148,52,1,124.87999939918511,3,2,1,6,Lost Customers,Low
17152,195,3,1689.5000052452096,1,4,4,9,Need Attention,High
17153,24,1,213.77999663352944,4,2,1,7,Potential Loyalists,Low
17154,75,1,329.3399991989135,2,2,2,6,Lost Customers,Low
17155,18,2,251.70000505447396,4,3,2,9,Potential Loyalists,Low
17157,8,2,319.00000381469727,5,3,2,10,Potential Loyalists,Low
17158,32,3,1266.9699985682964,4,4,4,12,Need Attention,Low
17159,22,3,1538.879991739988,4,4,4,12,Need Attention,Low
17160,31,6,3518.029973715542,4,5,5,14,Need Attention,Low
17162,29,10,1715.4599783122542,4,5,4,13,Champions,Low
17163,22,2,293.0999965667724,4,3,2,9,Potential Loyalists,Low
17164,33,7,2467.349997282028,3,5,5,13,Need Attention,Low
17165,284,1,158.6800000667573,1,2,1,4,Lost Customers,High
17166,39,2,206.34000015258795,3,3,1,7,Potential Loyalists,Low
17169,58,2,835.7799940109253,3,3,3,9,Need Attention,Low
17171,289,1,224.90999794006345,1,2,1,4,Lost Customers,High
17172,79,1,317.759997367859,2,2,2,6,Lost Customers,Low
17173,5,8,3766.599967956542,5,5,5,15,Champions,Low
17174,218,1,59.9000000953675,1,2,1,4,Lost Customers,High
17175,44,4,1443.6899998188019,3,4,4,11,Need Attention,Low
17176,202,1,306.129997164011,1,2,2,5,Lost Customers,High
17179,178,3,711.7900009751318,2,4,3,9,Need Attention,Medium
17180,56,4,783.9699965119364,3,4,3,10,Need Attention,Low
17181,57,2,239.91999661922466,3,3,1,7,Lost Customers,Low
17183,8,6,3347.310002684593,5,5,5,15,Champions,Low
17186,47,2,144.0000057220458,3,3,1,7,Lost Customers,Low
17187,227,1,203.9499980509283,1,2,1,4,Lost Customers,High
17188,11,7,2474.2299704253664,5,5,5,15,Champions,Low
17189,106,2,383.7499969899653,2,3,2,7,Lost Customers,Medium
17190,59,2,444.7400014102459,3,3,2,8,Lost Customers,Low
17191,28,7,2093.6799954771996,4,5,5,14,Need Attention,Low
17193,36,7,1699.2999970912942,3,5,4,12,Need Attention,Low
17194,274,2,262.62000185251236,1,3,2,6,Lost Customers,High
17197,30,1,1013.0099925994876,4,2,4,10,Potential Loyalists,Low
17198,24,3,692.2199955284594,4,4,3,11,Potential Loyalists,Low
17201,54,1,289.78000146150595,3,2,2,7,Lost Customers,Low
17203,36,6,3560.0799644291405,3,5,5,13,Need Attention,Low
17204,175,4,1564.5600032806399,2,4,4,10,Need Attention,Medium
17205,54,1,384.0799995660783,3,2,2,7,Lost Customers,Low
17206,53,1,204.23999977111828,3,2,1,6,Lost Customers,Low
17211,27,8,2317.219975501299,4,5,5,14,Champions,Low
17212,253,1,226.84999734163276,1,2,1,4,Lost Customers,High
17213,40,7,2781.2299785912037,3,5,5,13,Need Attention,Low
17214,60,6,1059.1199893057346,3,5,4,12,Need Attention,Low
17217,234,1,113.49999755620964,1,2,1,4,Lost Customers,High
17218,4,10,1951.9699830412872,5,5,4,14,Champions,Low
17219,32,1,114.22999888658526,4,2,1,7,Lost Customers,Low
17220,24,14,3187.549979269505,4,5,5,14,Champions,Low
17221,7,2,334.4799942336979,5,3,2,10,Potential Loyalists,Low
17222,65,1,328.6500004529953,3,2,2,7,Lost Customers,Low
17223,310,2,416.8899988532067,1,3,2,6,Lost Customers,High
17226,309,1,393.4899998903274,1,2,2,5,Lost Customers,High
17227,19,6,939.3199861943733,4,5,4,13,Need Attention,Low
17228,16,8,1906.0899758338928,4,5,4,13,Champions,Low
17229,96,2,318.75999146699877,2,3,2,7,Lost Customers,Medium
17230,264,8,3638.409984230994,1,5,5,11,Need Attention,High
17231,12,10,3124.7199703007936,5,5,5,15,Champions,Low
17232,3,2,417.76999342441536,5,3,2,10,Potential Loyalists,Low
17233,35,1,190.87999963760382,3,2,1,6,Lost Customers,Low
17234,183,1,149.88999855518335,1,2,1,4,Lost Customers,High
17235,25,2,550.0599975585938,4,3,3,10,Potential Loyalists,Low
17236,13,6,916.1299961805344,5,5,3,13,Need Attention,Low
17237,11,2,314.68999457359314,5,3,2,10,Potential Loyalists,Low
17238,3,17,3719.0999784320597,5,5,5,15,Champions,Low
17239,313,1,382.49999523162836,1,2,2,5,Lost Customers,High
17242,108,2,1135.0400064289568,2,3,4,9,Need Attention,Medium
17243,1,26,8540.049951463938,5,5,5,15,Champions,Low
17244,53,1,954.8999918103216,3,2,4,9,Lost Customers,Low
17245,205,1,171.4499974250793,1,2,1,4,Lost Customers,High
17247,15,1,280.08999809622776,4,2,2,8,Potential Loyalists,Low
17248,120,1,318.6499943137169,2,2,2,6,Lost Customers,Medium
17250,4,2,381.96999916434305,5,3,2,10,Potential Loyalists,Low
17251,363,1,269.8299994468689,1,2,2,5,Lost Customers,High
17252,117,2,348.9099982380868,2,3,2,7,Lost Customers,Medium
17253,18,1,178.2599967122078,4,2,1,7,Potential Loyalists,Low
17254,5,2,271.1899984367191,5,3,2,10,Potential Loyalists,Low
17255,41,2,291.47999492287636,3,3,2,8,Potential Loyalists,Low
17256,107,2,240.00000193715093,2,3,1,6,Lost Customers,Medium
17259,148,2,581.2299941778184,2,3,3,8,Lost Customers,Medium
17262,52,5,1253.3600114583976,3,4,4,11,Need Attention,Low
17263,208,1,63.439999818801894,1,2,1,4,Lost Customers,High
17265,139,2,550.0099944472313,2,3,3,8,Lost Customers,Medium
17266,2,3,296.5799964070321,5,4,2,11,Potential Loyalists,Low
17267,127,2,317.1999981701374,2,3,2,7,Lost Customers,Medium
17268,108,4,763.639991760254,2,4,3,9,Need Attention,Medium
17272,42,4,2148.629971891641,3,4,5,12,Need Attention,Low
17274,35,1,107.81999826431276,3,2,1,6,Lost Customers,Low
17277,228,2,1065.3499900102613,1,3,4,8,Lost Customers,High
17278,241,1,246.0399989187719,1,2,1,4,Lost Customers,High
17279,58,1,187.82999861240387,3,2,1,6,Lost Customers,Low
17282,130,3,1685.4599676132211,2,4,4,10,Need Attention,Medium
17284,60,6,1647.4799894243479,3,5,4,12,Need Attention,Low
17286,22,1,151.36999991536146,4,2,1,7,Potential Loyalists,Low
17287,26,7,1049.060003131628,4,5,4,13,Need Attention,Low
17288,9,7,1417.6299854218962,5,5,4,14,Champions,Low
17289,32,3,931.0199951529503,4,4,3,11,Need Attention,Low
17290,4,2,513.009997487068,5,3,3,11,Potential Loyalists,Low
17291,308,1,550.800006866455,1,2,3,6,Lost Customers,High
17293,8,9,1854.059989392757,5,5,4,14,Champions,Low
17295,29,3,546.9999981820583,4,4,3,11,Potential Loyalists,Low
17297,17,1,128.17999929189682,4,2,1,7,Potential Loyalists,Low
17298,101,2,498.4199920296669,2,3,3,8,Lost Customers,Medium
17299,12,4,656.6099913418298,5,4,3,12,Potential Loyalists,Low
17301,21,1,163.23999848961836,4,2,1,7,Potential Loyalists,Low
17302,15,5,1135.6300000548363,4,4,4,12,Need Attention,Low
17303,361,1,250.04000043869033,1,2,2,5,Lost Customers,High
17306,11,19,8631.309833407402,5,5,5,15,Champions,Low
17309,95,1,82.74999964237213,2,2,1,5,Lost Customers,Medium
17311,78,2,1384.8499984741213,2,3,4,9,Need Attention,Low
17312,139,3,644.2999904155726,2,4,3,9,Need Attention,Medium
17313,31,1,2328.839971780776,4,2,5,11,Need Attention,Low
17314,25,8,2527.9199839830394,4,5,5,14,Champions,Low
17315,2,38,6281.229950182142,5,5,5,15,Champions,Low
17317,46,3,2600.3399705886854,3,4,5,12,Need Attention,Low
17320,100,3,1200.6199825406075,2,4,4,10,Need Attention,Medium
17321,8,2,657.159994661808,5,3,3,11,Potential Loyalists,Low
17323,15,7,906.5199961662292,4,5,3,12,Need Attention,Low
17324,18,4,986.4800147414215,4,4,4,12,Need Attention,Low
17325,280,1,96.7999992370605,1,2,1,4,Lost Customers,High
17329,14,2,523.1099927425382,4,3,3,10,Potential Loyalists,Low
17330,23,2,363.89999198913563,4,3,2,9,Potential Loyalists,Low
17331,124,1,175.199996948242,2,2,1,5,Lost Customers,Medium
17333,86,1,494.2499892711639,2,2,3,7,Lost Customers,Low
17334,302,2,307.01999196410173,1,3,2,6,Lost Customers,High
17337,151,4,1981.0599938929088,2,4,4,10,Need Attention,Medium
17338,17,8,6493.539951339365,4,5,5,14,Champions,Low
17339,94,2,243.36000108718878,2,3,1,6,Lost Customers,Medium
17340,30,11,12353.289894491434,4,5,5,14,Champions,Low
17341,157,3,682.2899969518187,2,4,3,9,Need Attention,Medium
17343,355,1,193.63999885320663,1,2,1,4,Lost Customers,High
17344,46,1,157.61999908089635,3,2,1,6,Lost Customers,Low
17345,15,4,519.6899986863137,4,4,3,11,Potential Loyalists,Low
17346,4,15,2622.879968844354,5,5,5,15,Champions,Low
17347,86,1,228.959987640381,2,2,1,5,Lost Customers,Low
17348,15,5,1156.599988892675,4,4,4,12,Need Attention,Low
17349,179,1,98.25000044703489,1,2,1,4,Lost Customers,Medium
17350,8,4,1281.319994688034,5,4,4,13,Potential Loyalists,Low
17351,36,3,587.1499952673912,3,4,3,10,Need Attention,Low
17353,129,2,1740.000057220456,2,3,4,9,Need Attention,Medium
17354,51,1,1393.0600115060815,3,2,4,9,Need Attention,Low
17356,312,1,178.2199994325638,1,2,1,4,Lost Customers,High
17357,24,2,384.3899979293344,4,3,2,9,Potential Loyalists,Low
17358,303,2,360.8099991083146,1,3,2,6,Lost Customers,High
17359,11,1,127.85999765992165,5,2,1,8,Potential Loyalists,Low
17360,17,3,568.2399942576886,4,4,3,11,Potential Loyalists,Low
17361,49,3,488.1999962627888,3,4,3,10,Need Attention,Low
17362,239,2,312.22999891638744,1,3,2,6,Lost Customers,High
17364,1,11,4462.679974868894,5,5,5,15,Champions,Low
17365,13,8,4767.359957486391,5,5,5,15,Champions,Low
17367,238,1,167.5500011742115,1,2,1,4,Lost Customers,High
17368,23,8,1878.869973838329,4,5,4,13,Champions,Low
17370,73,4,446.1799970269205,2,4,2,8,Need Attention,Low
17371,17,3,418.39999485015863,4,4,2,10,Potential Loyalists,Low
17372,41,8,1337.179997444153,3,5,4,12,Need Attention,Low
17373,40,4,646.9199975132942,3,4,3,10,Need Attention,Low
17374,219,2,495.7699899673466,1,3,3,7,Lost Customers,High
17375,199,3,400.09999504685425,1,4,2,7,Lost Customers,High
17376,71,2,203.20000076293957,3,3,1,7,Lost Customers,Low
17377,24,20,4058.3199364244942,4,5,5,14,Champions,Low
17379,11,1,389.71999239921564,5,2,2,9,Potential Loyalists,Low
17381,9,29,20275.60974144936,5,5,5,15,Champions,Low
17382,65,1,65.3999977111816,3,2,1,6,Lost Customers,Low
17383,4,1,193.38999816775322,5,2,1,8,Potential Loyalists,Low
17384,19,2,336.3999917507173,4,3,2,9,Potential Loyalists,Low
17385,15,1,256.11000055074686,4,2,2,8,Potential Loyalists,Low
17386,8,6,2686.4200049638744,5,5,5,15,Champions,Low
17387,20,2,746.8099982142446,4,3,3,10,Potential Loyalists,Low
17388,78,4,1259.559943437577,2,4,4,10,Need Attention,Low
17389,1,34,31833.679707407948,5,5,5,15,Champions,Low
17391,164,2,508.79997253418,2,3,3,8,Lost Customers,Medium
17392,307,2,417.269993811846,1,3,2,6,Lost Customers,High
17394,219,1,203.87000584602401,1,2,1,4,Lost Customers,High
17396,39,8,7330.8000268936175,3,5,5,13,Champions,Low
17397,22,2,681.4099971652032,4,3,3,10,Potential Loyalists,Low
17398,115,3,653.3799932003021,2,4,3,9,Need Attention,Medium
17400,126,5,2097.8399817943573,2,4,5,11,Need Attention,Medium
17402,5,13,2633.850011318923,5,5,5,15,Champions,Low
17403,36,1,263.9199975728989,3,2,2,7,Potential Loyalists,Low
17404,4,15,31906.819720625885,5,5,5,15,Champions,Low
17405,1,3,1031.409993231297,5,4,4,13,Potential Loyalists,Low
17406,333,3,2184.4199897646904,1,4,5,10,Need Attention,High
17408,163,1,32.6499996185303,2,2,1,5,Lost Customers,Medium
17409,185,2,771.8499979972837,1,3,3,7,Lost Customers,High
17410,16,5,1214.7199985980985,4,4,4,12,Need Attention,Low
17411,12,3,778.9399976730344,5,4,3,12,Potential Loyalists,Low
17412,3,7,1258.0599890351289,5,5,4,14,Champions,Low
17414,44,2,777.9999864101408,3,3,3,9,Need Attention,Low
17415,80,1,507.84000253677374,2,2,3,7,Lost Customers,Low
17416,30,7,6893.419980913402,4,5,5,14,Champions,Low
17418,42,2,463.45999622344954,3,3,2,8,Potential Loyalists,Low
17419,11,12,4226.569987535477,5,5,5,15,Champions,Low
17420,50,3,598.8299920558924,3,4,3,10,Need Attention,Low
17422,16,6,1979.369988441467,4,5,4,13,Need Attention,Low
17423,46,2,698.4100031852715,3,3,3,9,Need Attention,Low
17425,19,2,759.1699954271311,4,3,3,10,Potential Loyalists,Low
17426,8,6,5037.259972572327,5,5,5,15,Champions,Low
17427,72,1,100.7999992370605,2,2,1,5,Lost Customers,Low
17428,1,28,17256.849943846468,5,5,5,15,Champions,Low
17429,128,3,524.9199945330621,2,4,3,9,Lost Customers,Medium
17430,33,2,265.7599973678588,3,3,2,8,Potential Loyalists,Low
17431,313,1,403.30000281333935,1,2,2,5,Lost Customers,High
17432,18,2,365.7599989771842,4,3,2,9,Potential Loyalists,Low
17433,88,1,303.1599985361099,2,2,2,6,Lost Customers,Low
17434,2,7,2373.819970607757,5,5,5,15,Champions,Low
17436,2,2,216.2999968528747,5,3,1,9,Potential Loyalists,Low
17438,254,1,388.44999718666077,1,2,2,5,Lost Customers,High
17440,157,3,186.42000174522403,2,4,1,7,Lost Customers,Medium
17442,37,6,2248.559987962246,3,5,5,13,Need Attention,Low
17443,220,1,534.239971160889,1,2,3,6,Lost Customers,High
17444,148,3,2940.039972729981,2,4,5,11,Need Attention,Medium
17446,177,2,120.9000020027161,2,3,1,6,Lost Customers,Medium
17447,40,2,541.530001282692,3,3,3,9,Potential Loyalists,Low
17449,2,7,2519.209980487824,5,5,5,15,Champions,Low
17450,8,46,194390.79095315933,5,5,5,15,Champions,Low
17451,1,7,1721.3999971225855,5,5,4,14,Champions,Low
17453,18,2,486.7199932336805,4,3,2,9,Potential Loyalists,Low
17454,192,4,517.5299921929833,1,4,3,8,Need Attention,High
17455,204,1,131.69999909400929,1,2,1,4,Lost Customers,High
17456,365,1,249.86000299453735,1,2,2,5,Lost Customers,High
17457,127,5,1737.6999762058247,2,4,4,10,Need Attention,Medium
17458,15,1,316.5000013113021,4,2,2,8,Potential Loyalists,Low
17459,43,2,657.2999949157237,3,3,3,9,Potential Loyalists,Low
17460,94,6,622.4299923479556,2,5,3,10,Need Attention,Medium
17461,23,3,735.8199900239708,4,4,3,11,Potential Loyalists,Low
17462,60,2,675.6900005340576,3,3,3,9,Need Attention,Low
17463,16,5,1875.8599817454822,4,4,4,12,Need Attention,Low
17464,158,1,289.95999366045,2,2,2,6,Lost Customers,Medium
17466,10,2,763.2799960374828,5,3,3,11,Potential Loyalists,Low
17468,10,2,137.00000047683722,5,3,1,9,Potential Loyalists,Low
17469,16,5,1870.9699625968917,4,4,4,12,Need Attention,Low
17470,45,5,1125.0699908733372,3,4,4,11,Need Attention,Low
17472,191,3,697.5399981141092,1,4,3,8,Need Attention,High
17475,79,1,194.36999997496622,2,2,1,5,Lost Customers,Low
17480,78,1,511.8200027942658,2,2,3,7,Lost Customers,Low
17481,4,4,1255.5899933576584,5,4,4,13,Potential Loyalists,Low
17483,65,3,414.0399967730045,3,4,2,9,Need Attention,Low
17486,261,1,396.86999857425684,1,2,2,5,Lost Customers,High
17489,59,2,376.6399968862536,3,3,2,8,Lost Customers,Low
17490,1,7,2092.31999051571,5,5,5,15,Champions,Low
17491,1,10,3558.869954288006,5,5,5,15,Champions,Low
17492,248,1,374.57000207901,1,2,2,5,Lost Customers,High
17495,8,2,497.5599977970124,5,3,3,11,Potential Loyalists,Low
17496,359,1,271.0499997138978,1,2,2,5,Lost Customers,High
17498,76,1,272.2199966907503,2,2,2,6,Lost Customers,Low
17499,290,1,622.8799957931044,1,2,3,6,Lost Customers,High
17500,17,3,1138.0,4,4,4,12,Potential Loyalists,Low
17501,221,2,288.59999847412104,1,3,2,6,Lost Customers,High
17502,9,4,689.0999999046326,5,4,3,12,Potential Loyalists,Low
17503,3,2,558.959995239973,5,3,3,11,Potential Loyalists,Low
17504,206,9,2997.0299861729136,1,5,5,11,Need Attention,High
17505,162,2,1145.8399933576584,2,3,4,9,Need Attention,Medium
17506,76,1,302.1999959647655,2,2,2,6,Lost Customers,Low
17507,262,2,605.5799966454505,1,3,3,7,Lost Customers,High
17508,281,1,387.31000387668627,1,2,2,5,Lost Customers,High
17509,58,8,6083.639992237089,3,5,5,13,Need Attention,Low
17510,25,1,308.48000013828283,4,2,2,8,Potential Loyalists,Low
17511,3,31,91062.37977567318,5,5,5,15,Champions,Low
17512,29,10,2924.989986419678,4,5,5,14,Champions,Low
17513,72,1,513.2000017166143,2,2,3,7,Lost Customers,Low
17514,128,1,208.64999869465825,2,2,1,5,Lost Customers,Medium
17515,31,4,639.0199942588806,4,4,3,11,Need Attention,Low
17516,15,5,764.8800025582315,4,4,3,11,Potential Loyalists,Low
17517,309,1,153.9400006532669,1,2,1,4,Lost Customers,High
17519,17,6,1844.0199990272524,4,5,4,13,Need Attention,Low
17520,54,1,546.8099967241287,3,2,3,8,Lost Customers,Low
17521,30,3,723.2100044488907,4,4,3,11,Need Attention,Low
17522,2,5,1070.7100017070773,5,4,4,13,Champions,Low
17523,11,4,652.7400076687334,5,4,3,12,Potential Loyalists,Low
17524,361,1,144.9999972581863,1,2,1,4,Lost Customers,High
17525,360,1,422.699996948242,1,2,2,5,Lost Customers,High
17526,5,4,1195.8999837040901,5,4,4,13,Potential Loyalists,Low
17527,54,4,939.3699913322926,3,4,4,11,Need Attention,Low
17528,1,8,3628.49998113513,5,5,5,15,Champions,Low
17530,1,10,2367.119986563921,5,5,5,15,Champions,Low
17531,190,1,296.6999972462656,1,2,2,5,Lost Customers,High
17534,54,1,223.3599955141545,3,2,1,6,Lost Customers,Low
17535,280,1,164.4000010490418,1,2,1,4,Lost Customers,High
17536,177,1,76.5,2,2,1,5,Lost Customers,Medium
17537,30,2,887.6699963212012,4,3,3,10,Potential Loyalists,Low
17538,26,1,98.42000055313109,4,2,1,7,Potential Loyalists,Low
17540,25,2,578.8999941349028,4,3,3,10,Potential Loyalists,Low
17542,270,1,170.74999878555548,1,2,1,4,Lost Customers,High
17545,43,3,642.319994520396,3,4,3,10,Need Attention,Low
17548,234,1,103.2999985218047,1,2,1,4,Lost Customers,High
17549,24,2,148.85999822616577,4,3,1,8,Potential Loyalists,Low
17550,197,3,267.1599977612495,1,4,2,7,Lost Customers,High
17551,359,1,290.33999916911137,1,2,2,5,Lost Customers,High
17552,60,4,930.4099886417389,3,4,3,10,Need Attention,Low
17553,130,1,1487.599990844727,2,2,4,8,Lost Customers,Medium
17554,1,5,1952.44998306036,5,4,4,13,Champions,Low
17555,20,2,480.30999732017506,4,3,2,9,Potential Loyalists,Low
17556,206,1,157.89999976754189,1,2,1,4,Lost Customers,High
17557,14,3,541.4599919021127,4,4,3,11,Potential Loyalists,Low
17560,95,4,854.9499824047086,2,4,3,9,Need Attention,Medium
17561,19,1,165.11999776959422,4,2,1,7,Potential Loyalists,Low
17562,14,7,1122.3799872696395,4,5,4,13,Need Attention,Low
17564,24,3,454.0099931955335,4,4,2,10,Potential Loyalists,Low
17566,8,2,869.7699924111369,5,3,3,11,Potential Loyalists,Low
17567,7,8,4331.479993581773,5,5,5,15,Champions,Low
17569,332,1,344.1399993896483,1,2,2,5,Lost Customers,High
17571,50,4,1425.6699920892715,3,4,4,11,Need Attention,Low
17572,71,4,226.75000405311587,3,4,1,8,Lost Customers,Low
17573,29,3,380.5999989509583,4,4,2,10,Potential Loyalists,Low
17574,243,1,185.6499955654143,1,2,1,4,Lost Customers,High
17576,8,19,3564.8299839496613,5,5,5,15,Champions,Low
17578,218,1,143.4600005149841,1,2,1,4,Lost Customers,High
17579,5,3,448.90000110864634,5,4,2,11,Potential Loyalists,Low
17580,253,3,215.7199974656105,1,4,1,6,Lost Customers,High
17581,1,25,11025.23990306258,5,5,5,15,Champions,Low
17582,236,1,175.26999890804288,1,2,1,4,Lost Customers,High
17584,7,2,1242.2999849319458,5,3,4,12,Potential Loyalists,Low
17585,109,4,1116.6799916028979,2,4,4,10,Need Attention,Medium
17588,100,3,1240.1999957561493,2,4,4,10,Need Attention,Medium
17589,60,4,2404.169987738133,3,4,5,12,Need Attention,Low
17590,2,3,1468.0199963152409,5,4,4,13,Potential Loyalists,Low
17591,73,7,2203.66995203495,2,5,5,12,Need Attention,Low
17593,4,5,3923.859964221716,5,4,5,14,Champions,Low
17594,85,2,993.1799869537343,2,3,4,9,Need Attention,Low
17595,12,2,386.6899994015694,5,3,2,10,Potential Loyalists,Low
17596,23,7,2806.6899510324,4,5,5,14,Champions,Low
17597,214,1,2044.3699896633632,1,2,4,7,Need Attention,High
17600,18,1,161.66999665647745,4,2,1,7,Potential Loyalists,Low
17601,239,1,116.00999909639366,1,2,1,4,Lost Customers,High
17602,2,6,5054.41994908452,5,5,5,15,Champions,Low
17603,78,1,394.71999835968006,2,2,2,6,Lost Customers,Low
17604,217,2,309.3599983155728,1,3,2,6,Lost Customers,High
17608,33,2,191.98999857902535,3,3,1,7,Potential Loyalists,Low
17609,41,5,1105.7799971550703,3,4,4,11,Need Attention,Low
17611,7,15,3961.1199875175957,5,5,5,15,Champions,Low
17612,53,6,2048.449969023466,3,5,4,12,Need Attention,Low
17613,23,14,4544.549991488456,4,5,5,14,Champions,Low
17614,57,1,386.3199964165688,3,2,2,7,Lost Customers,Low
17615,130,3,329.5999987125397,2,4,2,8,Lost Customers,Medium
17616,174,3,571.1999893188471,2,4,3,9,Lost Customers,Medium
17618,6,3,930.2800000309943,5,4,3,12,Potential Loyalists,Low
17619,312,1,214.3699989318848,1,2,1,4,Lost Customers,High
17620,60,1,81.4400010108948,3,2,1,6,Lost Customers,Low
17621,21,3,1379.8999831676472,4,4,4,12,Need Attention,Low
17623,33,1,527.0499982833862,3,2,3,8,Potential Loyalists,Low
17624,15,2,843.479988783598,4,3,3,10,Potential Loyalists,Low
17625,18,4,2020.3999936133625,4,4,4,12,Need Attention,Low
17628,81,1,75.7499995231628,2,2,1,5,Lost Customers,Low
17629,6,8,1814.1199824512007,5,5,4,14,Champions,Low
17630,170,2,503.5999956130983,2,3,3,8,Lost Customers,Medium
17631,2,3,528.3299951553344,5,4,3,12,Potential Loyalists,Low
17633,31,4,1324.8399857282634,4,4,4,12,Need Attention,Low
17634,36,9,2358.5899683833127,3,5,5,13,Need Attention,Low
17636,19,1,285.55999827384926,4,2,2,8,Potential Loyalists,Low
17637,31,2,547.0599955320358,4,3,3,10,Potential Loyalists,Low
17639,276,1,108.49999922513967,1,2,1,4,Lost Customers,High
17640,87,1,621.6599946022037,2,2,3,7,Lost Customers,Low
17642,120,2,712.2899907529353,2,3,3,8,Lost Customers,Medium
17643,373,1,101.5499987602234,1,2,1,4,Lost Customers,High
17644,1,11,2895.639971613884,5,5,5,15,Champions,Low
17646,219,3,1008.3899903297423,1,4,4,9,Need Attention,High
17647,65,1,133.0599985122681,3,2,1,6,Lost Customers,Low
17648,61,4,1797.4999806880946,3,4,4,11,Need Attention,Low
17649,138,1,868.4899942874904,2,2,3,7,Lost Customers,Medium
17650,21,1,166.0799986124039,4,2,1,7,Potential Loyalists,Low
17651,12,10,3944.9999432861773,5,5,5,15,Champions,Low
17652,25,12,4867.719966560601,4,5,5,14,Champions,Low
17653,37,4,1207.5599883794785,3,4,4,11,Need Attention,Low
17654,277,1,117.54999923706056,1,2,1,4,Lost Customers,High
17655,11,7,2638.9399724006653,5,5,5,15,Champions,Low
17656,73,5,1674.6899764537811,2,4,4,10,Need Attention,Low
17658,26,2,595.4199960231779,4,3,3,10,Potential Loyalists,Low
17659,17,12,2999.4599958062176,4,5,5,14,Champions,Low
17660,141,1,178.75000080466276,2,2,1,5,Lost Customers,Medium
17663,26,7,1802.9099869728088,4,5,4,13,Need Attention,Low
17664,19,2,604.6399964690211,4,3,3,10,Potential Loyalists,Low
17666,4,2,728.1599929332734,5,3,3,11,Potential Loyalists,Low
17667,66,5,2055.5099914073944,3,4,5,12,Need Attention,Low
17668,1,2,347.7499966621399,5,3,2,10,Potential Loyalists,Low
17669,43,7,3406.7199232578314,3,5,5,13,Need Attention,Low
17670,228,1,205.6999979019165,1,2,1,4,Lost Customers,High
17671,16,4,1572.710003048182,4,4,4,12,Need Attention,Low
17672,50,2,3178.1699801981445,3,3,5,11,Need Attention,Low
17673,2,6,1594.9699926227331,5,5,4,14,Champions,Low
17674,74,2,551.0399870872499,2,3,3,8,Lost Customers,Low
17675,1,31,20374.279764413826,5,5,5,15,Champions,Low
17676,4,6,1371.1799864768975,5,5,4,14,Champions,Low
17677,2,30,16345.379920601858,5,5,5,15,Champions,Low
17678,264,1,298.1099994778635,1,2,2,5,Lost Customers,High
17679,53,2,1992.1099798679345,3,3,4,10,Need Attention,Low
17680,24,1,184.4000008106232,4,2,1,7,Potential Loyalists,Low
17682,10,6,2474.329979062079,5,5,5,15,Champions,Low
17684,44,1,239.40999841690063,3,2,1,6,Lost Customers,Low
17685,17,7,3155.8300035893913,4,5,5,14,Champions,Low
17686,7,7,5739.459923744198,5,5,5,15,Champions,Low
17690,30,15,4726.799960106611,4,5,5,14,Champions,Low
17691,358,2,290.3999981880188,1,3,2,6,Lost Customers,High
17692,127,4,740.9399981796741,2,4,3,9,Need Attention,Medium
17693,137,1,200.4699983000756,2,2,1,5,Lost Customers,Medium
17694,142,1,283.119997024536,2,2,2,6,Lost Customers,Medium
17695,132,2,765.339991301298,2,3,3,8,Lost Customers,Medium
17696,38,8,2285.7099776864056,3,5,5,13,Need Attention,Low
17697,236,1,338.94999361038197,1,2,2,5,Lost Customers,High
17698,261,1,154.9500002861023,1,2,1,4,Lost Customers,High
17700,17,4,2534.63997733593,4,4,5,13,Need Attention,Low
17701,253,1,417.9499988555907,1,2,2,5,Lost Customers,High
17702,30,4,1824.369968175888,4,4,4,12,Need Attention,Low
17703,35,3,798.740007042885,3,4,3,10,Need Attention,Low
17704,169,2,885.1899950504303,2,3,3,8,Lost Customers,Medium
17705,3,9,1823.5199824869626,5,5,4,14,Champions,Low
17706,4,17,10504.489902585743,5,5,5,15,Champions,Low
17707,185,2,152.4000034332276,1,3,1,5,Lost Customers,High
17708,188,2,263.329998254776,1,3,2,6,Lost Customers,High
17709,170,1,137.45000028610238,2,2,1,5,Lost Customers,Medium
17711,11,2,385.09999895095825,5,3,2,10,Potential Loyalists,Low
17712,45,1,522.9099997282028,3,2,3,8,Lost Customers,Low
17714,321,1,153.0,1,2,1,4,Lost Customers,High
17715,201,1,326.400009155273,1,2,2,5,Lost Customers,High
17716,23,11,5655.989977955815,4,5,5,14,Champions,Low
17718,232,1,139.3499994277954,1,2,1,4,Lost Customers,High
17719,38,15,5396.039968848228,3,5,5,13,Champions,Low
17720,26,4,1195.9400033950806,4,4,4,12,Need Attention,Low
17722,96,4,2424.0399832427506,2,4,5,11,Need Attention,Medium
17723,127,6,3276.400068759918,2,5,5,12,Need Attention,Medium
17724,71,3,1032.9999809265132,3,4,4,11,Need Attention,Low
17725,16,11,3439.0799869298935,4,5,5,14,Champions,Low
17727,15,1,1060.2499912083147,4,2,4,10,Potential Loyalists,Low
17728,4,3,2876.009986877441,5,4,5,14,Champions,Low
17730,3,13,5298.479970976711,5,5,5,15,Champions,Low
17731,79,4,1240.109997034073,2,4,4,10,Need Attention,Low
17732,373,1,303.970000267029,1,2,2,5,Lost Customers,High
17733,39,2,692.1899886131287,3,3,3,9,Potential Loyalists,Low
17734,54,3,700.6299993991851,3,4,3,10,Need Attention,Low
17735,2,19,13110.019838154309,5,5,5,15,Champions,Low
17736,9,3,377.43999850749975,5,4,2,11,Potential Loyalists,Low
17737,9,2,168.24000120162958,5,3,1,9,Potential Loyalists,Low
17738,19,4,1879.0499870777128,4,4,4,12,Need Attention,Low
17739,12,7,2791.3499593734723,5,5,5,15,Champions,Low
17742,113,2,355.1100029945374,2,3,2,7,Lost Customers,Medium
17744,4,6,2322.3999981433158,5,5,5,15,Champions,Low
17746,240,1,110.24999999999994,1,2,1,4,Lost Customers,High
17747,113,1,71.3999977111816,2,2,1,5,Lost Customers,Medium
17749,178,2,674.5199950933456,2,3,3,8,Lost Customers,Medium
17750,5,9,1710.449965059759,5,5,4,14,Champions,Low
17752,359,1,80.6399974822998,1,2,1,4,Lost Customers,High
17754,1,5,1664.6499848961844,5,4,4,13,Champions,Low
17757,1,30,5593.389985188843,5,5,5,15,Champions,Low
17758,19,8,3408.1999518871303,4,5,5,14,Champions,Low
17759,17,3,819.9599946290256,4,4,3,11,Potential Loyalists,Low
17760,22,2,287.58999946713465,4,3,2,9,Potential Loyalists,Low
17761,33,1,712.7799992561337,3,2,3,8,Potential Loyalists,Low
17763,263,1,15.0,1,2,1,4,Lost Customers,High
17764,51,2,772.5499956458806,3,3,3,9,Need Attention,Low
17765,159,3,367.62999665737163,2,4,2,8,Lost Customers,Medium
17767,15,1,271.199997127056,4,2,2,8,Potential Loyalists,Low
17768,8,3,2081.8999637365337,5,4,5,14,Potential Loyalists,Low
17769,13,10,3957.429956465959,5,5,5,15,Champions,Low
17770,199,5,1143.2699967026708,1,4,4,9,Need Attention,High
17771,57,2,245.80999678373365,3,3,1,7,Lost Customers,Low
17772,11,2,173.44999858736992,5,3,1,9,Potential Loyalists,Low
17774,97,4,1213.729994893074,2,4,4,10,Need Attention,Medium
17775,255,1,56.400000572204604,1,2,1,4,Lost Customers,High
17777,25,3,647.5599963665009,4,4,3,11,Potential Loyalists,Low
17779,21,3,650.3199976682665,4,4,3,11,Potential Loyalists,Low
17781,159,2,188.02000010013592,2,3,1,6,Lost Customers,Medium
17783,72,2,283.46999561786686,2,3,2,7,Lost Customers,Low
17785,53,1,131.9399987459182,3,2,1,6,Lost Customers,Low
17786,85,2,266.84999722242355,2,3,2,7,Lost Customers,Low
17787,153,4,1817.5399884581564,2,4,4,10,Need Attention,Medium
17788,74,2,1117.9000101089482,2,3,4,9,Need Attention,Low
17789,281,1,225.90000128746036,1,2,1,4,Lost Customers,High
17790,27,14,1964.300004065037,4,5,4,13,Champions,Low
17791,30,1,106.0999982357024,4,2,1,7,Lost Customers,Low
17793,25,1,300.33999752998346,4,2,2,8,Potential Loyalists,Low
17795,180,2,342.8299959897994,1,3,2,6,Lost Customers,Medium
17796,40,4,689.999991595745,3,4,3,10,Need Attention,Low
17797,22,3,780.4299931824211,4,4,3,11,Potential Loyalists,Low
17799,22,10,3039.16997858882,4,5,5,14,Champions,Low
17800,37,9,1187.2099864482877,3,5,4,12,Need Attention,Low
17802,82,3,1285.039988517761,2,4,4,10,Need Attention,Low
17805,74,1,512.3099963665009,2,2,3,7,Lost Customers,Low
17806,11,1,546.0399960279465,5,2,3,10,Potential Loyalists,Low
17809,16,12,5411.909997805953,4,5,5,14,Champions,Low
17811,4,39,7761.819968432189,5,5,5,15,Champions,Low
17812,13,4,699.8100021481517,5,4,3,12,Potential Loyalists,Low
17813,14,5,1698.069987893105,4,4,4,12,Need Attention,Low
17816,37,4,36.55999985337257,3,4,1,8,Lost Customers,Low
17817,4,3,387.6799983084201,5,4,2,11,Potential Loyalists,Low
17819,72,7,3704.8699445724487,2,5,5,12,Need Attention,Low
17824,51,1,298.3999979496003,3,2,2,7,Lost Customers,Low
17827,5,5,1987.3299937844279,5,4,4,13,Champions,Low
17828,23,4,1820.0899963378906,4,4,4,12,Need Attention,Low
17829,299,1,889.2399888038634,1,2,3,6,Lost Customers,High
17830,2,3,398.6999983787537,5,4,2,11,Potential Loyalists,Low
17831,33,1,35.4000005722046,3,2,1,6,Lost Customers,Low
17832,50,1,155.36999718844885,3,2,1,6,Lost Customers,Low
17835,3,3,342.2399926781655,5,4,2,11,Potential Loyalists,Low
17836,47,1,110.20999929308893,3,2,1,6,Lost Customers,Low
17837,42,8,1541.2299841344359,3,5,4,12,Need Attention,Low
17838,27,5,2720.7999868392944,4,4,5,13,Need Attention,Low
17839,42,1,318.1499967575073,3,2,2,7,Lost Customers,Low
17841,2,124,40519.83969941735,5,5,5,15,Champions,Low
17843,303,1,205.4799965620042,1,2,1,4,Lost Customers,High
17844,107,1,51.559999465942404,2,2,1,5,Lost Customers,Medium
17846,85,1,2033.09997558594,2,2,4,8,Need Attention,Low
17848,81,9,901.199999630451,2,5,3,10,Need Attention,Low
17849,218,4,605.8000010848046,1,4,3,8,Need Attention,High
17850,372,34,5391.209971427913,1,5,5,11,Champions,High
17852,12,2,114.34000039100648,5,3,1,9,Potential Loyalists,Low
17854,185,2,311.2599995136261,1,3,2,6,Lost Customers,High
17855,373,1,208.9699983596802,1,2,1,4,Lost Customers,High
17856,2,4,1418.0299913883212,5,4,4,13,Potential Loyalists,Low
17857,4,23,26879.040528416634,5,5,5,15,Champions,Low
17858,6,12,5140.660022735599,5,5,5,15,Champions,Low
17859,305,1,141.91999627649784,1,2,1,4,Lost Customers,High
17860,369,1,226.4499983787536,1,2,1,4,Lost Customers,High
17861,3,8,2097.879979670049,5,5,5,15,Champions,Low
17862,324,1,330.8999991416931,1,2,2,5,Lost Customers,High
17863,59,6,3159.999975085259,3,5,5,13,Need Attention,Low
17864,13,3,554.8499925136567,5,4,3,12,Potential Loyalists,Low
17865,31,20,10526.319915831089,4,5,5,14,Champions,Low
17866,143,1,329.64999675750727,2,2,2,6,Lost Customers,Medium
17867,30,6,1157.87000721693,4,5,4,13,Need Attention,Low
17869,107,5,428.1800005137922,2,4,2,8,Need Attention,Medium
17870,2,12,1865.8899852149186,5,5,4,14,Champions,Low
17871,205,1,155.90000027418125,1,2,1,4,Lost Customers,High
17873,80,5,1848.9599805474281,2,4,4,10,Need Attention,Low
17874,185,6,683.4599913358688,1,5,3,9,Need Attention,High
17877,170,1,237.60999703407293,2,2,1,5,Lost Customers,Medium
17878,44,1,379.44999766349787,3,2,2,7,Lost Customers,Low
17879,174,1,178.5199967622754,2,2,1,5,Lost Customers,Medium
17880,365,1,458.9199974536897,1,2,2,5,Lost Customers,High
17881,304,1,133.35000038146978,1,2,1,4,Lost Customers,High
17883,3,4,664.339997202158,5,4,3,12,Potential Loyalists,Low
17884,4,4,695.0699981451038,5,4,3,12,Potential Loyalists,Low
17885,12,1,156.33999869227404,5,2,1,8,Potential Loyalists,Low
17886,32,3,869.2799912393092,4,4,3,11,Need Attention,Low
17887,129,1,111.35000097751619,2,2,1,5,Lost Customers,Medium
17888,21,8,715.9999957978728,4,5,3,12,Need Attention,Low
17889,212,2,201.36999782919884,1,3,1,5,Lost Customers,High
17890,323,2,586.8899970054626,1,3,3,7,Lost Customers,High
17891,162,1,203.85999691486361,2,2,1,5,Lost Customers,Medium
17892,56,3,244.09999781846992,3,4,1,8,Lost Customers,Low
17893,225,1,107.20999714732177,1,2,1,4,Lost Customers,High
17894,72,8,1118.959986537695,2,5,4,11,Need Attention,Low
17895,44,1,95.44999933242798,3,2,1,6,Lost Customers,Low
17896,23,1,256.319995880127,4,2,2,8,Potential Loyalists,Low
17897,173,3,541.8099962174892,2,4,3,9,Lost Customers,Medium
17898,85,2,152.05999705195435,2,3,1,6,Lost Customers,Low
17899,159,1,154.54999956488618,2,2,1,5,Lost Customers,Medium
17900,190,2,112.2000017166138,1,3,1,5,Lost Customers,High
17901,29,1,110.38000017404562,4,2,1,7,Potential Loyalists,Low
17904,21,1,181.06999784708026,4,2,1,7,Potential Loyalists,Low
17905,71,4,798.9899950027462,3,4,3,10,Need Attention,Low
17906,247,1,72.90000122785571,1,2,1,4,Lost Customers,High
17908,374,1,232.0299979150295,1,2,1,4,Lost Customers,High
17911,9,1,366.23000133037556,5,2,2,9,Potential Loyalists,Low
17912,310,5,310.05999621748947,1,4,2,7,Lost Customers,High
17913,59,2,408.6499963104726,3,3,2,8,Lost Customers,Low
17914,4,1,329.3599950969221,5,2,2,9,Potential Loyalists,Low
17917,45,3,335.0300001800061,3,4,2,9,Potential Loyalists,Low
17919,88,1,1304.0400023460384,2,2,4,8,Need Attention,Low
17920,4,17,4119.499991513789,5,5,5,15,Champions,Low
17921,64,4,820.2299935817721,3,4,3,10,Need Attention,Low
17923,282,1,207.500004768372,1,2,1,4,Lost Customers,High
17924,12,7,2962.4999993443507,5,5,5,15,Champions,Low
17925,373,1,244.080007553101,1,2,1,4,Lost Customers,High
17926,133,2,397.28999480605114,2,3,2,7,Lost Customers,Medium
17928,45,2,212.5399971008301,3,3,1,7,Lost Customers,Low
17929,11,4,842.999988555908,5,4,3,12,Potential Loyalists,Low
17930,36,5,1740.480002462863,3,4,4,11,Need Attention,Low
17931,134,2,408.3599915206432,2,3,2,7,Lost Customers,Medium
17932,29,3,1331.569995522499,4,4,4,12,Need Attention,Low
17934,52,2,704.250000476837,3,3,3,9,Need Attention,Low
17935,138,2,145.78999841213223,2,3,1,6,Lost Customers,Medium
17936,5,1,380.12999838590633,5,2,2,9,Potential Loyalists,Low
17937,9,7,4301.220008850098,5,5,5,15,Champions,Low
17939,160,1,99.13999772071836,2,2,1,5,Lost Customers,Medium
17940,49,10,4020.039972305297,3,5,5,13,Champions,Low
17941,131,1,304.559995651245,2,2,2,6,Lost Customers,Medium
17942,8,1,77.49999654293065,5,2,1,8,Potential Loyalists,Low
17946,233,2,149.58000218868258,1,3,1,5,Lost Customers,High
17947,37,1,176.6799987554551,3,2,1,6,Lost Customers,Low
17948,147,1,358.560001373291,2,2,2,6,Lost Customers,Medium
17949,1,45,58510.47952985766,5,5,5,15,Champions,Low
17950,72,3,482.19999627769016,2,4,2,8,Need Attention,Low
17951,40,3,1008.5399875044817,3,4,4,11,Need Attention,Low
17954,5,12,2314.1299837529664,5,5,5,15,Champions,Low
17955,199,4,557.3000038862231,1,4,3,8,Need Attention,High
17956,249,1,12.75,1,2,1,4,Lost Customers,High
17957,66,1,111.67999755218639,3,2,1,6,Lost Customers,Low
17958,117,1,508.4599933624271,2,2,3,7,Lost Customers,Medium
17960,171,1,73.77999991178511,2,2,1,5,Lost Customers,Medium
17961,21,39,1296.4399931430817,4,5,4,13,Champions,Low
17962,142,1,102.40999834239486,2,2,1,5,Lost Customers,Medium
17964,32,2,463.20999369025253,4,3,2,9,Potential Loyalists,Low
17965,38,14,2599.1899839714174,3,5,5,13,Champions,Low
17966,38,5,1098.430006623268,3,4,4,11,Need Attention,Low
17967,372,1,112.26999896764758,1,2,1,4,Lost Customers,High
17968,374,1,265.10000154376036,1,2,2,5,Lost Customers,High
17969,166,2,228.19999784231194,2,3,1,6,Lost Customers,Medium
17970,211,1,562.7899970412257,1,2,3,6,Lost Customers,High
17972,242,1,135.1899976730347,1,2,1,4,Lost Customers,High
17973,52,1,337.0399960279464,3,2,2,7,Lost Customers,Low
17974,25,3,703.9899969249964,4,4,3,11,Potential Loyalists,Low
17975,15,13,4483.259897083044,4,5,5,14,Champions,Low
17976,372,1,321.7899956703186,1,2,2,5,Lost Customers,High
17977,29,1,288.1400000452996,4,2,2,8,Potential Loyalists,Low
17978,365,1,300.92000639438675,1,2,2,5,Lost Customers,High
17979,36,4,732.4099977612497,3,4,3,10,Need Attention,Low
17980,166,3,811.4499878287315,2,4,3,9,Need Attention,Medium
17984,145,1,152.679998934269,2,2,1,5,Lost Customers,Medium
17985,22,1,631.3499901294709,4,2,3,9,Potential Loyalists,Low
17986,56,1,20.7999992370605,3,2,1,6,Lost Customers,Low
17987,185,1,198.57000035047528,1,2,1,4,Lost Customers,High
17988,12,7,201.11999884247786,5,5,1,11,Potential Loyalists,Low
17990,237,3,630.8399956822395,1,4,3,8,Lost Customers,High
17991,225,2,93.35000109672546,1,3,1,5,Lost Customers,High
17994,122,4,674.890000343323,2,4,3,9,Need Attention,Medium
17995,282,1,76.099998742342,1,2,1,4,Lost Customers,High
17997,74,8,1962.4599930942063,2,5,4,11,Need Attention,Low
17999,37,2,380.389996290207,3,3,2,8,Potential Loyalists,Low
18001,12,2,415.12999689579027,5,3,2,10,Potential Loyalists,Low
18004,362,1,157.9199994802475,1,2,1,4,Lost Customers,High
18005,4,2,226.4699993729592,5,3,1,9,Potential Loyalists,Low
18006,23,1,444.6799974441529,4,2,2,8,Potential Loyalists,Low
18008,70,9,2116.1900058984756,3,5,5,13,Need Attention,Low
18009,235,1,247.38999748229983,1,2,1,4,Lost Customers,High
18010,257,1,174.79999852180487,1,2,1,4,Lost Customers,High
18011,373,1,102.79000008106233,1,2,1,4,Lost Customers,High
18013,155,2,187.28999763727197,2,3,1,6,Lost Customers,Medium
18014,28,1,162.21999907493588,4,2,1,7,Potential Loyalists,Low
18015,4,1,120.02999956905845,5,2,1,8,Potential Loyalists,Low
18016,32,5,1477.6599901318555,4,4,4,12,Need Attention,Low
18017,81,3,522.99998998642,2,4,3,9,Need Attention,Low
18018,108,2,122.14000007510192,2,3,1,6,Lost Customers,Medium
18019,52,1,38.44999885559082,3,2,1,6,Lost Customers,Low
18022,36,1,612.7199940048159,3,2,3,8,Potential Loyalists,Low
18024,153,2,389.7800018191339,2,3,2,7,Lost Customers,Medium
18027,99,1,115.30999815464027,2,2,1,5,Lost Customers,Medium
18030,4,2,230.6500034332276,5,3,1,9,Potential Loyalists,Low
18032,334,1,73.4999985694885,1,2,1,4,Lost Customers,High
18033,65,1,93.81999948620793,3,2,1,6,Lost Customers,Low
18034,22,2,418.6799941062927,4,3,2,9,Potential Loyalists,Low
18035,36,3,713.8900066614152,3,4,3,10,Need Attention,Low
18036,32,3,403.11999425292026,4,4,2,10,Potential Loyalists,Low
18037,154,6,70.02000024914749,2,5,1,8,Lost Customers,Medium
18040,19,2,357.1999967098234,4,3,2,9,Potential Loyalists,Low
18041,12,21,4097.370016478002,5,5,5,15,Champions,Low
18042,54,1,165.04999625682825,3,2,1,6,Lost Customers,Low
18043,25,3,529.289997071028,4,4,3,11,Potential Loyalists,Low
18044,4,10,2088.5999830663204,5,5,5,15,Champions,Low
18045,45,1,178.33999910950672,3,2,1,6,Lost Customers,Low
18048,203,2,172.28999656438836,1,3,1,5,Lost Customers,High
18050,359,1,74.40000081062318,1,2,1,4,Lost Customers,High
18053,71,1,300.01999783515936,3,2,2,7,Lost Customers,Low
18055,7,10,6761.339947938917,5,5,5,15,Champions,Low
18056,288,1,363.65000367164623,1,2,2,5,Lost Customers,High
18058,10,1,170.15999674797058,5,2,1,8,Potential Loyalists,Low
18059,23,3,306.4600019454958,4,4,2,10,Potential Loyalists,Low
18061,22,10,2119.4099577665324,4,5,5,14,Champions,Low
18062,173,3,720.5199925899506,2,4,3,9,Need Attention,Medium
18064,133,2,813.9999842643748,2,3,3,8,Lost Customers,Medium
18065,6,14,2392.8299802541733,5,5,5,15,Champions,Low
18066,75,1,317.9999997615814,2,2,2,6,Lost Customers,Low
18067,40,1,396.32999897003174,3,2,2,7,Potential Loyalists,Low
18068,289,1,101.700004577637,1,2,1,4,Lost Customers,High
18069,26,5,2009.239985525608,4,4,4,12,Need Attention,Low
18071,258,2,452.999998807907,1,3,2,6,Lost Customers,High
18072,186,1,247.44000059366226,1,2,1,4,Lost Customers,High
18073,114,12,3859.8198618888873,2,5,5,12,Need Attention,Medium
18074,374,1,489.59999608993485,1,2,3,6,Lost Customers,High
18075,23,10,2611.749994844198,4,5,5,14,Champions,Low
18077,8,11,2584.4099847078323,5,5,5,15,Champions,Low
18078,217,2,336.1299953460693,1,3,2,6,Lost Customers,High
18079,45,4,3613.149989575148,3,4,5,12,Need Attention,Low
18080,19,2,1231.499984264374,4,3,4,11,Potential Loyalists,Low
18081,36,3,343.45000141859055,3,4,2,9,Potential Loyalists,Low
18082,26,1,680.8399940431121,4,2,3,9,Potential Loyalists,Low
18084,16,1,90.4799973964691,4,2,1,7,Potential Loyalists,Low
18085,330,2,689.9499893188477,1,3,3,7,Lost Customers,High
18086,274,1,101.339998960495,1,2,1,4,Lost Customers,High
18087,98,2,4055.7199598550787,2,3,5,10,Need Attention,Medium
18088,61,1,166.03000015020368,3,2,1,6,Lost Customers,Low
18092,2,11,9068.259970664974,5,5,5,15,Champions,Low
18093,93,4,2106.519958138466,2,4,5,11,Need Attention,Medium
18094,82,7,3017.2999760508533,2,5,5,12,Need Attention,Low
18095,313,2,580.049996852875,1,3,3,7,Lost Customers,High
18096,12,3,849.0599924325944,5,4,3,12,Potential Loyalists,Low
18097,8,6,2662.399984955788,5,5,5,15,Champions,Low
18099,127,1,168.30999588966387,2,2,1,5,Lost Customers,Medium
18101,11,2,222.39999747276306,5,3,1,9,Potential Loyalists,Low
18102,1,60,259657.29846489438,5,5,5,15,Champions,Low
18104,37,1,754.639998435974,3,2,3,8,Potential Loyalists,Low
18105,38,1,113.48000061511995,3,2,1,6,Lost Customers,Low
18106,330,1,421.89999616146093,1,2,2,5,Lost Customers,High
18108,254,1,270.9999995231628,1,2,2,5,Lost Customers,High
18109,2,26,8004.919984400275,5,5,5,15,Champions,Low
18110,20,1,198.79999935626978,4,2,1,7,Potential Loyalists,Low
18112,12,2,352.68999958038336,5,3,2,10,Potential Loyalists,Low
18113,369,1,76.319995880127,1,2,1,4,Lost Customers,High
18114,290,1,220.0999996662141,1,2,1,4,Lost Customers,High
18116,68,8,1403.1099876165397,3,5,4,12,Need Attention,Low
18117,26,1,315.64999523758894,4,2,2,8,Potential Loyalists,Low
18118,11,26,5625.079963684083,5,5,5,15,Champions,Low
18119,368,1,180.69999697804462,1,2,1,4,Lost Customers,High
18120,214,1,111.14999878406522,1,2,1,4,Lost Customers,High
18121,149,2,653.3000001907347,2,3,3,8,Lost Customers,Medium
18122,8,6,1793.059993773699,5,5,4,14,Champions,Low
18123,24,2,574.4400012493134,4,3,3,10,Potential Loyalists,Low
18125,30,4,1131.7499984800818,4,4,4,12,Need Attention,Low
18126,61,1,200.92000009119508,3,2,1,6,Lost Customers,Low
18127,19,3,347.07999938726437,4,4,2,10,Potential Loyalists,Low
18129,243,1,112.55000066757205,1,2,1,4,Lost Customers,High
18130,15,3,1059.3899880945683,4,4,4,12,Potential Loyalists,Low
18133,212,1,931.499996781349,1,2,3,6,Lost Customers,High
18135,29,5,681.909999608994,4,4,3,11,Need Attention,Low
18136,63,3,784.3299918174741,3,4,3,10,Need Attention,Low
18138,295,1,152.64999866485596,1,2,1,4,Lost Customers,High
18139,18,6,8438.340024262667,4,5,5,14,Champions,Low
18142,157,2,1019.5199606418612,2,3,4,9,Need Attention,Medium
18143,117,2,1000.1599950790402,2,3,4,9,Need Attention,Medium
18144,8,12,2888.7500410079983,5,5,5,15,Champions,Low
18145,13,4,2861.5499862730508,5,4,5,14,Need Attention,Low
18146,141,2,160.3500022888184,2,3,1,6,Lost Customers,Medium
18147,46,2,179.33999821543696,3,3,1,7,Lost Customers,Low
18149,51,3,612.0800041556362,3,4,3,10,Need Attention,Low
18150,32,3,566.5800025463105,4,4,3,11,Potential Loyalists,Low
18151,135,2,653.349996089935,2,3,3,8,Lost Customers,Medium
18154,3,2,399.190004825592,5,3,2,10,Potential Loyalists,Low
18155,75,3,371.6199996471407,2,4,2,8,Lost Customers,Low
18156,13,2,675.6399913132191,5,3,3,11,Potential Loyalists,Low
18158,9,2,453.3999986648556,5,3,2,10,Potential Loyalists,Low
18159,301,1,530.1500005722041,1,2,3,6,Lost Customers,High
18160,57,2,638.0599968433379,3,3,3,9,Need Attention,Low
18161,15,5,1618.6899946629999,4,4,4,12,Need Attention,Low
18164,37,1,399.6499972045422,3,2,2,7,Potential Loyalists,Low
18165,177,1,302.4599906206128,2,2,2,6,Lost Customers,Medium
18167,23,3,1384.8599898815153,4,4,4,12,Need Attention,Low
18168,176,6,1160.0399893522265,2,5,4,11,Need Attention,Medium
18169,61,1,202.65000200271612,3,2,1,6,Lost Customers,Low
18170,33,3,980.3099927902217,3,4,4,11,Need Attention,Low
18171,59,5,1231.3099833726876,3,4,4,11,Need Attention,Low
18172,15,20,7561.679912090299,4,5,5,14,Champions,Low
18173,87,4,2106.840005874635,2,4,5,11,Need Attention,Low
18174,7,1,103.999996185303,5,2,1,8,Potential Loyalists,Low
18176,358,1,476.3499977588654,1,2,2,5,Lost Customers,High
18177,31,6,1340.8699759244912,4,5,4,13,Need Attention,Low
18178,129,4,1590.8099888563154,2,4,4,10,Need Attention,Medium
18179,9,6,1793.1699822247028,5,5,4,14,Champions,Low
18180,5,6,1843.7499831914902,5,5,4,14,Champions,Low
18181,24,1,366.84999668598186,4,2,2,8,Potential Loyalists,Low
18183,227,2,632.0699925422668,1,3,3,7,Lost Customers,High
18184,15,1,49.799998998642,4,2,1,7,Potential Loyalists,Low
18185,249,1,304.2500019073487,1,2,2,5,Lost Customers,High
18188,15,3,2001.0399883985515,4,4,4,12,Need Attention,Low
18189,78,2,1090.239998102188,2,3,4,9,Need Attention,Low
18190,192,2,284.4600007534027,1,3,2,6,Lost Customers,High
18191,262,1,207.8000030517579,1,2,1,4,Lost Customers,High
18192,72,1,957.9699862003315,2,2,4,8,Lost Customers,Low
18193,165,1,243.7599996328354,2,2,1,5,Lost Customers,Medium
18194,82,1,973.8400011062622,2,2,4,8,Lost Customers,Low
18196,95,2,686.6299982964994,2,3,3,8,Lost Customers,Medium
18198,4,17,5425.5598603487015,5,5,5,15,Champions,Low
18200,106,1,150.34999957680705,2,2,1,5,Lost Customers,Medium
18202,200,3,1396.990004777908,1,4,4,9,Need Attention,High
18203,157,1,160.4199979305268,2,2,1,5,Lost Customers,Medium
18204,71,3,1975.3499855399136,3,4,4,11,Need Attention,Low
18205,36,2,517.3599965572357,3,3,3,9,Potential Loyalists,Low
18209,29,1,139.0999979972839,4,2,1,7,Potential Loyalists,Low
18210,2,6,2621.3799777030945,5,5,5,15,Champions,Low
18211,26,5,600.0699985027313,4,4,3,11,Need Attention,Low
18212,326,1,216.06999933719632,1,2,1,4,Lost Customers,High
18213,237,1,232.4799991846087,1,2,1,4,Lost Customers,High
18215,89,1,299.3399996757506,2,2,2,6,Lost Customers,Low
18216,31,1,481.7499995231627,4,2,2,8,Potential Loyalists,Low
18217,29,2,621.7499975562093,4,3,3,10,Potential Loyalists,Low
18218,211,2,641.9200045466431,1,3,3,7,Lost Customers,High
18219,3,10,2069.769986718893,5,5,5,15,Champions,Low
18220,227,1,305.279983520508,1,2,2,5,Lost Customers,High
18221,22,5,1041.6099956035616,4,4,4,12,Need Attention,Low
18222,93,1,442.999997884035,2,2,2,6,Lost Customers,Medium
18223,5,14,6484.539945721626,5,5,5,15,Champions,Low
18224,264,1,158.94999980926508,1,2,1,4,Lost Customers,High
18225,3,12,5504.959945231675,5,5,5,15,Champions,Low
18226,44,11,5228.049930930136,3,5,5,13,Champions,Low
18227,218,1,93.75,1,2,1,4,Lost Customers,High
18228,57,2,779.8999862670896,3,3,3,9,Need Attention,Low
18229,12,20,7276.900001525879,5,5,5,15,Champions,Low
18230,9,7,2810.199977397917,5,5,5,15,Champions,Low
18231,192,5,2071.7699853181834,1,4,5,10,Need Attention,High
18232,82,4,592.9699918925762,2,4,3,9,Need Attention,Low
18233,326,1,440.0,1,2,2,5,Lost Customers,High
18235,72,3,1796.4799896478653,2,4,4,10,Need Attention,Low
18236,30,6,882.2399954497814,4,5,3,12,Need Attention,Low
18237,3,5,987.1000013351444,5,4,4,13,Potential Loyalists,Low
18239,219,5,1561.6100009679794,1,4,4,9,Need Attention,High
18240,46,1,422.5799844861028,3,2,2,7,Lost Customers,Low
18241,10,17,2073.089986681938,5,5,5,15,Champions,Low
18242,72,4,2232.4899935722356,2,4,5,11,Need Attention,Low
18245,7,7,2567.0599794983864,5,5,5,15,Champions,Low
18246,24,2,596.0999999046322,4,3,3,10,Potential Loyalists,Low
18248,123,2,804.019991606474,2,3,3,8,Lost Customers,Medium
18249,17,1,95.33999955654141,4,2,1,7,Potential Loyalists,Low
18250,310,1,349.2699980735778,1,2,2,5,Lost Customers,High
18251,87,1,4314.719962120056,2,2,5,9,Need Attention,Low
18252,51,2,518.2699974477291,3,3,3,9,Potential Loyalists,Low
18255,89,1,103.29999947547915,2,2,1,5,Lost Customers,Low
18257,39,8,2337.629980325698,3,5,5,13,Need Attention,Low
18259,25,3,2338.599970340728,4,4,5,13,Need Attention,Low
18260,173,6,2628.349995672703,2,5,5,12,Need Attention,Medium
18261,43,2,324.2400007247924,3,3,2,8,Potential Loyalists,Low
18262,140,1,149.48000037670135,2,2,1,5,Lost Customers,Medium
18263,26,3,1213.159994840622,4,4,4,12,Need Attention,Low
18265,72,2,801.5099902749059,2,3,3,8,Need Attention,Low
18268,134,1,25.5,2,2,1,5,Lost Customers,Medium
18269,366,1,168.5999975204467,1,2,1,4,Lost Customers,High
18270,38,2,283.1500008106233,3,3,2,8,Potential Loyalists,Low
18272,3,6,3078.579997062683,5,5,5,15,Champions,Low
18273,2,3,203.9999961853024,5,4,1,10,Potential Loyalists,Low
18274,30,1,175.919999718666,4,2,1,7,Potential Loyalists,Low
18276,44,1,335.85999786853785,3,2,2,7,Lost Customers,Low
18277,58,1,110.37999868392947,3,2,1,6,Lost Customers,Low
18278,74,1,173.8999972343444,2,2,1,5,Lost Customers,Low
18280,278,1,180.59999942779538,1,2,1,4,Lost Customers,High
18281,181,1,80.82000052928932,1,2,1,4,Lost Customers,High
18282,8,2,178.04999983310705,5,3,1,9,Potential Loyalists,Low
18283,4,16,2045.5299807488914,5,5,4,14,Champions,Low
18287,43,3,1837.2799991369247,3,4,4,11,Need Attention,Low
